GDP,2019,2019
United States,"19,091,662,000",--
,,
Alabama,"200,829,359",--
Autauga,"1,501,769",24
Baldwin,"6,140,514",7
Barbour,"762,856",40
Bibb,"389,547",58
Blount,"869,049",35
Bullock,"246,089",64
Butler,"601,174",44
Calhoun,"4,050,073",11
Chambers,"819,345",37
Cherokee,"531,160",47
Chilton,"929,435",34
Choctaw,"540,271",45
Clarke,"770,838",39
Clay,"395,198",57
Cleburne,"276,518",62
Coffee,"1,344,913",27
Colbert,"2,375,926",19
Conecuh,"461,600",51
Coosa,"174,730",67
Covington,"1,121,281",32
Crenshaw,"431,331",52
Cullman,"2,581,754",17
Dale,"2,638,931",16
Dallas,"1,193,935",31
DeKalb,"1,879,778",20
Elmore,"1,709,071",23
Escambia,"1,244,239",30
Etowah,"2,915,965",15
Fayette,"343,241",59
Franklin,"948,279",33
Geneva,"534,804",46
Greene,"244,098",65
Hale,"272,988",63
Henry,"410,939",55
Houston,"4,906,396",10
Jackson,"1,405,878",25
Jefferson,"41,359,665",1
Lamar,"329,681",60
Lauderdale,"2,440,671",18
Lawrence,"506,829",48
Lee,"5,265,738",9
Limestone,"3,268,954",12
Lowndes,"412,296",54
Macon,"506,149",49
Madison,"22,979,842",2
Marengo,"686,093",43
Marion,"831,902",36
Marshall,"3,199,310",13
Mobile,"18,484,941",3
Monroe,"699,127",41
Montgomery,"12,552,254",4
Morgan,"5,320,638",8
Perry,"217,199",66
Pickens,"404,838",56
Pike,"1,270,861",28
Randolph,"475,636",50
Russell,"1,346,443",26
St. Clair,"1,794,101",21
Shelby,"10,075,696",6
Sumter,"326,968",61
Talladega,"3,031,903",14
Tallapoosa,"1,258,097",29
Tuscaloosa,"10,123,989",5
Walker,"1,778,581",22
Washington,"791,030",38
Wilcox,"419,477",53
Winston,"686,336",42
,,
Alaska,"53,255,221",--
Aleutians East Borough,"218,523",20
Aleutians West Census Area,"396,409",15
Anchorage Municipality,"20,827,222",1
Bethel Census Area,"693,164",10
Bristol Bay Borough,"134,856",23
Denali Borough,"250,964",19
Dillingham Census Area,"254,343",18
Fairbanks North Star Borough,"5,217,255",3
Haines Borough,"105,192",25
Hoonah-Angoon Census Area,"95,817",26
Juneau City and Borough,"2,254,614",6
Kenai Peninsula Borough,"2,962,394",4
Ketchikan Gateway Borough,"832,093",8
Kodiak Island Borough,"719,261",9
Kusilvak Census Area,"155,070",22
Lake and Peninsula Borough,"93,623",28
Matanuska-Susitna Borough,"2,412,574",5
Nome Census Area,"421,324",14
North Slope Borough,"10,534,598",2
Northwest Arctic Borough,"653,068",11
Petersburg Borough,"193,395",21
Prince of Wales-Hyder Census Area,"262,374",17
Sitka City and Borough,"453,860",13
Skagway Municipality,"111,305",24
Southeast Fairbanks Census Area,"582,719",12
Valdez-Cordova Census Area,"1,804,363",7
Wrangell City and Borough,"93,999",27
Yakutat City and Borough,"29,730",29
Yukon-Koyukuk Census Area,"285,633",16
,,
Arizona,"323,597,570",--
Apache,"2,490,196",10
Cochise,"4,589,330",8
Coconino,"6,764,676",5
Gila,"1,941,036",11
Graham,"1,067,613",14
Greenlee,"1,799,562",13
La Paz,"697,076",15
Maricopa,"229,821,077",1
Mohave,"5,200,986",7
Navajo,"3,020,876",9
Pima,"42,169,490",2
Pinal,"7,640,162",4
Santa Cruz,"1,819,009",12
Yavapai,"6,592,236",6
Yuma,"7,926,771",3
,,
Arkansas,"117,447,079",--
Arkansas,"999,154",22
Ashley,"793,585",28
Baxter,"1,345,778",17
Benton,"13,506,569",2
Boone,"1,205,065",20
Bradley,"321,376",56
Calhoun,"344,725",53
Carroll,"775,593",29
Chicot,"272,981",58
Clark,"738,073",30
Clay,"327,370",55
Cleburne,"852,229",27
Cleveland,"125,819",73
Columbia,"900,757",25
Conway,"919,314",23
Craighead,"4,245,979",5
Crawford,"1,502,387",16
Crittenden,"1,758,263",14
Cross,"447,475",47
Dallas,"212,475",65
Desha,"561,498",38
Drew,"596,119",37
Faulkner,"3,576,218",6
Franklin,"435,145",49
Fulton,"176,524",69
Garland,"3,031,464",7
Grant,"385,667",51
Greene,"1,304,184",18
Hempstead,"863,560",26
Hot Spring,"903,438",24
Howard,"553,314",39
Independence,"1,664,209",15
Izard,"277,269",57
Jackson,"674,212",32
Jefferson,"2,887,373",8
Johnson,"646,733",33
Lafayette,"150,537",71
Lawrence,"420,163",50
Lee,"193,279",67
Lincoln,"244,632",61
Little River,"531,066",42
Logan,"507,367",43
Lonoke,"1,157,468",21
Madison,"351,304",52
Marion,"546,004",40
Miller,"1,250,953",19
Mississippi,"2,544,776",10
Monroe,"194,994",66
Montgomery,"123,868",74
Nevada,"249,796",60
Newton,"98,983",75
Ouachita,"596,621",36
Perry,"140,107",72
Phillips,"506,307",44
Pike,"234,528",62
Poinsett,"600,795",35
Polk,"498,017",45
Pope,"2,622,224",9
Prairie,"180,208",68
Pulaski,"26,139,380",1
Randolph,"438,924",48
St. Francis,"694,742",31
Saline,"2,118,096",13
Scott,"258,346",59
Searcy,"156,717",70
Sebastian,"6,028,844",4
Sevier,"449,993",46
Sharp,"327,611",54
Stone,"226,877",64
Union,"2,542,988",11
Van Buren,"642,924",34
Washington,"10,010,084",3
White,"2,231,720",12
Woodruff,"232,079",63
Yell,"537,243",41
,,
California,"2,800,505,405",--
Alameda,"129,708,807",6
Alpine,"114,254",57
Amador,"1,786,635",45
Butte,"9,897,121",29
Calaveras,"1,589,059",46
Colusa,"1,514,361",47
Contra Costa,"76,522,619",11
Del Norte,"842,938",54
El Dorado,"7,967,457",32
Fresno,"46,009,312",14
Glenn,"1,310,042",48
Humboldt,"5,974,402",35
Imperial,"8,980,597",30
Inyo,"1,261,469",50
Kern,"51,416,782",12
Kings,"6,609,432",34
Lake,"2,189,985",43
Lassen,"1,262,036",49
Los Angeles,"726,943,301",1
Madera,"6,740,169",33
Marin,"23,795,829",19
Mariposa,"862,546",53
Mendocino,"3,856,796",37
Merced,"10,383,485",27
Modoc,"460,751",55
Mono,"1,162,497",52
Monterey,"27,581,259",18
Napa,"10,283,597",28
Nevada,"4,428,088",36
Orange,"233,323,465",3
Placer,"21,531,825",22
Plumas,"1,245,201",51
Riverside,"82,105,026",10
Sacramento,"88,620,397",9
San Benito,"2,363,094",41
San Bernardino,"89,779,198",8
San Diego,"222,272,562",4
San Francisco,"178,505,659",5
San Joaquin,"30,486,439",15
San Luis Obispo,"16,660,813",24
San Mateo,"121,697,163",7
Santa Barbara,"28,411,698",17
Santa Clara,"318,100,028",2
Santa Cruz,"14,407,444",25
Shasta,"8,412,829",31
Sierra,"112,020",58
Siskiyou,"1,933,447",44
Solano,"22,637,944",21
Sonoma,"29,064,200",16
Stanislaus,"23,715,709",20
Sutter,"3,762,601",38
Tehama,"2,276,824",42
Trinity,"452,982",56
Tulare,"19,350,581",23
Tuolumne,"2,793,179",40
Ventura,"48,496,595",13
Yolo,"14,390,599",26
Yuba,"3,345,409",39
,,
Colorado,"356,280,157",--
Adams,"26,546,174",6
Alamosa,"743,667",30
Arapahoe,"45,195,128",2
Archuleta,"513,301",40
Baca,"136,902",56
Bent,"161,542",53
Boulder,"27,509,931",5
Broomfield,"6,845,862",10
Chaffee,"771,206",29
Cheyenne,"188,959",52
Clear Creek,"536,671",38
Conejos,"254,561",48
Costilla,"101,636",59
Crowley,"154,568",54
Custer,"125,966",58
Delta,"853,431",27
Denver,"72,850,983",1
Dolores,"147,006",55
Douglas,"17,543,547",9
Eagle,"3,600,716",14
Elbert,"604,651",37
El Paso,"33,392,451",3
Fremont,"1,397,253",22
Garfield,"4,103,095",13
Gilpin,"518,503",39
Grand,"807,296",28
Gunnison,"1,094,683",24
Hinsdale,"44,766",63
Huerfano,"292,627",46
Jackson,"128,935",57
Jefferson,"30,704,185",4
Kiowa,"80,388",61
Kit Carson,"411,638",43
Lake,"331,681",45
La Plata,"3,317,742",15
Larimer,"18,267,696",8
Las Animas,"739,862",32
Lincoln,"362,619",44
Logan,"1,142,534",23
Mesa,"6,214,937",12
Mineral,"66,191",62
Moffat,"987,687",25
Montezuma,"1,823,637",18
Montrose,"1,500,154",21
Morgan,"1,661,295",20
Otero,"645,407",34
Ouray,"224,978",49
Park,"454,820",42
Phillips,"208,315",50
Pitkin,"2,030,163",17
Prowers,"632,801",35
Pueblo,"6,268,022",11
Rio Blanco,"740,595",31
Rio Grande,"511,851",41
Routt,"1,742,862",19
Saguache,"255,110",47
San Juan,"36,973",64
San Miguel,"607,613",36
Sedgwick,"99,198",60
Summit,"2,363,993",16
Teller,"931,220",26
Washington,"202,411",51
Weld,"22,020,305",7
Yuma,"648,523",33
,,
Connecticut,"251,329,845",--
Fairfield,"79,854,813",2
Hartford,"79,962,243",1
Litchfield,"7,604,383",6
Middlesex,"8,679,288",5
New Haven,"48,368,218",3
New London,"17,344,547",4
Tolland,"4,908,348",7
Windham,"4,688,643",8
,,
Delaware,"64,319,262",--
Kent,"7,274,755",3
New Castle,"45,494,166",1
Sussex,"11,602,065",2
,,
District of Columbia,"123,929,268",--
,,
Florida,"963,255,865",--
Alachua,"12,914,477",18
Baker,"559,561",53
Bay,"7,772,152",26
Bradford,"668,271",52
Brevard,"24,619,760",10
Broward,"99,909,302",2
Calhoun,"253,914",65
Charlotte,"4,952,728",29
Citrus,"3,879,314",34
Clay,"4,858,684",30
Collier,"16,351,772",14
Columbia,"2,228,549",39
DeSoto,"1,014,538",48
Dixie,"289,624",63
Duval,"60,169,891",6
Escambia,"14,931,928",15
Flagler,"2,221,979",40
Franklin,"381,839",58
Gadsden,"1,276,171",45
Gilchrist,"355,242",59
Glades,"320,686",61
Gulf,"410,310",57
Hamilton,"492,817",55
Hardee,"1,023,242",47
Hendry,"1,314,540",44
Hernando,"3,971,573",33
Highlands,"2,626,612",37
Hillsborough,"84,884,933",4
Holmes,"338,550",60
Indian River,"5,966,999",28
Jackson,"1,408,654",43
Jefferson,"293,810",62
Lafayette,"171,278",67
Lake,"8,468,770",23
Lee,"28,207,575",8
Leon,"14,357,206",16
Levy,"933,042",49
Liberty,"214,226",66
Madison,"434,847",56
Manatee,"13,354,224",17
Marion,"9,331,478",21
Martin,"7,113,457",27
Miami-Dade,"151,587,328",1
Monroe,"4,523,546",31
Nassau,"2,397,438",38
Okaloosa,"11,156,453",20
Okeechobee,"1,577,307",42
Orange,"90,245,169",3
Osceola,"9,053,658",22
Palm Beach,"75,635,325",5
Pasco,"11,638,076",19
Pinellas,"47,873,967",7
Polk,"24,837,880",9
Putnam,"2,066,592",41
St. Johns,"7,778,133",25
St. Lucie,"8,431,479",24
Santa Rosa,"4,137,020",32
Sarasota,"18,382,610",12
Seminole,"20,654,326",11
Sumter,"2,690,053",36
Suwannee,"1,258,570",46
Taylor,"766,755",50
Union,"272,507",64
Volusia,"17,063,419",13
Wakulla,"692,619",51
Walton,"2,775,045",35
Washington,"524,311",54
,,
Georgia,"547,422,652",--
Appling,"1,427,791",48
Atkinson,"256,536",122
Bacon,"353,246",112
Baker,"88,111",154
Baldwin,"1,246,391",54
Banks,"405,737",101
Barrow,"1,930,607",39
Bartow,"4,408,132",19
Ben Hill,"505,476",94
Berrien,"381,773",107
Bibb,"8,213,443",11
Bleckley,"248,980",127
Brantley,"235,447",128
Brooks,"369,215",110
Bryan,"859,218",64
Bulloch,"2,173,735",35
Burke,"2,811,746",31
Butts,"609,056",85
Calhoun,"140,142",142
Camden,"1,822,567",41
Candler,"256,331",123
Carroll,"4,253,711",21
Catoosa,"1,420,539",49
Charlton,"190,432",133
Chatham,"16,996,540",6
Chattahoochee,"1,345,383",52
Chattooga,"598,372",87
Cherokee,"6,514,858",13
Clarke,"7,083,717",12
Clay,"88,363",153
Clayton,"17,247,201",5
Clinch,"249,282",126
Cobb,"49,217,819",2
Coffee,"1,466,173",44
Colquitt,"1,427,794",47
Columbia,"3,449,629",27
Cook,"359,989",111
Coweta,"4,062,990",23
Crawford,"144,163",141
Crisp,"867,318",62
Dade,"372,780",109
Dawson,"779,587",71
Decatur,"848,450",65
DeKalb,"37,825,628",4
Dodge,"437,600",99
Dooly,"433,645",100
Dougherty,"4,384,137",20
Douglas,"4,077,448",22
Early,"541,155",91
Echols,"40,209",156
Effingham,"1,682,932",43
Elbert,"573,063",89
Emanuel,"680,882",77
Evans,"377,492",108
Fannin,"670,127",79
Fayette,"4,669,141",17
Floyd,"3,960,973",24
Forsyth,"8,382,170",10
Franklin,"844,841",66
Fulton,"159,931,648",1
Gilmer,"817,723",68
Glascock,"34,369",159
Glynn,"3,769,083",25
Gordon,"2,140,067",36
Grady,"669,070",80
Greene,"622,601",83
Gwinnett,"44,283,783",3
Habersham,"1,399,929",50
Hall,"9,535,290",9
Hancock,"160,352",140
Haralson,"740,273",72
Harris,"534,151",93
Hart,"816,669",69
Heard,"1,156,627",56
Henry,"5,744,251",15
Houston,"6,347,031",14
Irwin,"214,945",131
Jackson,"2,832,812",30
Jasper,"250,974",124
Jeff Davis,"392,489",104
Jefferson,"544,699",90
Jenkins,"167,966",138
Johnson,"134,712",145
Jones,"397,867",103
Lamar,"387,637",105
Lanier,"120,067",147
Laurens,"1,728,031",42
Lee,"684,178",76
Liberty,"3,188,935",29
Lincoln,"132,433",146
Long,"115,741",148
Lowndes,"4,643,519",18
Lumpkin,"699,197",75
McDuffie,"637,332",82
McIntosh,"185,905",135
Macon,"504,344",95
Madison,"472,237",98
Marion,"107,031",151
Meriwether,"574,736",88
Miller,"214,968",130
Mitchell,"800,735",70
Monroe,"1,460,717",45
Montgomery,"165,072",139
Morgan,"726,761",73
Murray,"1,135,982",57
Muscogee,"9,979,549",8
Newton,"2,659,161",32
Oconee,"1,303,729",53
Oglethorpe,"284,740",120
Paulding,"2,362,819",33
Peach,"866,050",63
Pickens,"933,288",60
Pierce,"399,902",102
Pike,"286,221",119
Polk,"1,176,959",55
Pulaski,"274,112",121
Putnam,"485,620",97
Quitman,"37,303",157
Rabun,"492,062",96
Randolph,"189,062",134
Richmond,"11,562,741",7
Rockdale,"3,541,223",26
Schley,"103,766",152
Screven,"297,373",117
Seminole,"309,401",116
Spalding,"1,977,588",38
Stephens,"906,789",61
Stewart,"135,268",144
Sumter,"1,082,016",58
Talbot,"136,392",143
Taliaferro,"34,992",158
Tattnall,"619,458",84
Taylor,"211,859",132
Telfair,"311,806",115
Terrell,"249,511",125
Thomas,"2,025,308",37
Tift,"1,855,637",40
Toombs,"946,507",59
Towns,"324,641",114
Treutlen,"115,116",149
Troup,"3,307,080",28
Turner,"223,387",129
Twiggs,"287,290",118
Union,"664,241",81
Upson,"677,373",78
Walker,"1,398,073",51
Walton,"2,274,939",34
Ware,"1,430,432",46
Warren,"182,140",136
Washington,"599,327",86
Wayne,"824,104",67
Webster,"58,776",155
Wheeler,"108,174",150
White,"706,895",74
Whitfield,"5,214,359",16
Wilcox,"170,974",137
Wilkes,"345,622",113
Wilkinson,"535,277",92
Worth,"382,486",106
,,
Hawaii,"82,471,416",--
Hawaii,"8,221,411",3
Honolulu,"61,094,332",1
Kauai,"3,829,072",4
Maui + Kalawao,"9,328,861",2
,,
Idaho,"74,937,087",--
Ada,"26,471,383",1
Adams,"118,199",42
Bannock,"2,814,614",6
Bear Lake,"194,227",38
Benewah,"310,410",35
Bingham,"1,359,110",12
Blaine,"1,422,835",9
Boise,"228,762",37
Bonner,"1,388,760",10
Bonneville,"5,215,234",4
Boundary,"347,973",31
Butte,"1,098,397",17
Camas,"67,036",43
Canyon,"5,843,416",2
Caribou,"499,326",21
Cassia,"1,721,321",8
Clark,"50,376",44
Clearwater,"319,934",34
Custer,"182,645",39
Elmore,"1,308,385",14
Franklin,"370,393",29
Fremont (includes Yellowstone National Park),"386,867",28
Gem,"349,651",30
Gooding,"1,366,367",11
Idaho,"439,444",25
Jefferson,"790,400",19
Jerome,"1,318,937",13
Kootenai,"5,789,257",3
Latah,"1,294,709",15
Lemhi,"259,431",36
Lewis,"149,975",40
Lincoln,"332,155",32
Madison,"1,185,464",16
Minidoka,"822,203",18
Nez Perce,"2,016,126",7
Oneida,"131,296",41
Owyhee,"475,953",23
Payette,"781,605",20
Power,"415,704",26
Shoshone,"452,956",24
Teton,"322,408",33
Twin Falls,"3,582,530",5
Valley,"486,230",22
Washington,"413,942",27
,,
Illinois,"773,135,522",--
Adams,"3,355,565",21
Alexander,"180,503",98
Bond,"506,827",78
Boone,"1,685,685",35
Brown,"463,876",82
Bureau,"1,328,246",42
Calhoun,"100,333",100
Carroll,"619,998",65
Cass,"628,081",64
Champaign,"10,222,595",13
Christian,"1,484,482",38
Clark,"570,541",71
Clay,"556,479",74
Clinton,"1,025,829",52
Coles,"2,334,593",27
Cook,"366,932,993",1
Crawford,"2,062,806",29
Cumberland,"1,338,737",41
DeKalb,"3,779,934",19
De Witt,"1,138,688",46
Douglas,"1,079,873",51
DuPage,"83,828,491",2
Edgar,"790,466",60
Edwards,"293,642",90
Effingham,"2,031,677",30
Fayette,"569,001",72
Ford,"640,573",63
Franklin,"1,081,495",50
Fulton,"963,407",54
Gallatin,"218,919",94
Greene,"327,960",89
Grundy,"3,710,386",20
Hamilton,"360,548",88
Hancock,"571,667",70
Hardin,"82,211",101
Henderson,"189,829",97
Henry,"1,476,114",39
Iroquois,"1,149,692",45
Jackson,"2,434,312",26
Jasper,"486,269",80
Jefferson,"1,880,802",31
Jersey,"516,848",76
Jo Daviess,"783,014",62
Johnson,"223,155",93
Kane,"23,469,101",5
Kankakee,"5,608,505",16
Kendall,"3,008,434",23
Knox,"1,736,634",34
Lake,"53,778,183",3
LaSalle,"5,410,182",18
Lawrence,"566,681",73
Lee,"1,599,521",36
Livingston,"1,862,479",32
Logan,"1,025,379",53
McDonough,"1,116,077",47
McHenry,"10,296,845",12
McLean,"13,778,419",6
Macon,"6,399,861",15
Macoupin,"1,222,824",44
Madison,"12,150,589",9
Marion,"1,310,886",43
Marshall,"377,563",85
Mason,"500,812",79
Massac,"580,312",69
Menard,"239,807",92
Mercer,"433,107",83
Monroe,"884,223",56
Montgomery,"1,106,194",48
Morgan,"1,505,562",37
Moultrie,"788,685",61
Ogle,"2,580,522",25
Peoria,"12,322,562",8
Perry,"595,610",67
Piatt,"510,080",77
Pike,"552,775",75
Pope,"63,504",102
Pulaski,"199,669",96
Putnam,"361,799",87
Randolph,"1,434,433",40
Richland,"617,567",66
Rock Island,"9,689,097",14
St. Clair,"11,136,578",10
Saline,"858,027",57
Sangamon,"10,702,860",11
Schuyler,"263,666",91
Scott,"164,274",99
Shelby,"809,421",59
Stark,"207,505",95
Stephenson,"1,755,957",33
Tazewell,"5,549,702",17
Union,"413,050",84
Vermilion,"3,202,651",22
Wabash,"362,876",86
Warren,"819,600",58
Washington,"888,830",55
Wayne,"480,779",81
White,"591,775",68
Whiteside,"2,120,737",28
Will,"30,143,384",4
Williamson,"2,776,828",24
Winnebago,"13,156,636",7
Woodford,"1,099,003",49
,,
Indiana,"337,636,057",--
Adams,"1,685,187",37
Allen,"20,063,027",3
Bartholomew,"6,045,053",11
Benton,"461,815",82
Blackford,"301,776",86
Boone,"3,061,062",22
Brown,"254,107",87
Carroll,"657,963",71
Cass,"1,300,004",49
Clark,"4,861,806",14
Clay,"735,260",66
Clinton,"1,466,509",43
Crawford,"171,390",90
Daviess,"1,241,003",51
Dearborn,"1,692,682",36
Decatur,"1,527,252",41
DeKalb,"2,444,566",28
Delaware,"3,759,995",19
Dubois,"2,527,822",27
Elkhart,"14,500,980",5
Fayette,"560,184",77
Floyd,"2,711,632",25
Fountain,"474,171",81
Franklin,"547,209",79
Fulton,"659,158",70
Gibson,"3,343,492",21
Grant,"2,248,065",30
Greene,"643,020",72
Hamilton,"17,132,223",4
Hancock,"2,753,013",24
Harrison,"1,000,154",58
Hendricks,"5,979,898",12
Henry,"1,251,201",50
Howard,"3,954,647",17
Huntington,"1,378,556",46
Jackson,"2,262,448",29
Jasper,"1,459,915",44
Jay,"952,596",59
Jefferson,"1,400,089",45
Jennings,"706,193",67
Johnson,"4,866,188",13
Knox,"1,833,730",33
Kosciusko,"4,686,316",15
Lagrange,"1,824,967",34
Lake,"24,435,380",2
LaPorte,"3,893,649",18
Lawrence,"1,323,599",48
Madison,"3,508,789",20
Marion,"84,088,746",1
Marshall,"1,550,355",40
Martin,"1,019,304",57
Miami,"940,226",61
Monroe,"6,157,213",10
Montgomery,"1,594,289",39
Morgan,"1,617,605",38
Newton,"341,366",84
Noble,"1,747,811",35
Ohio,"108,080",92
Orange,"601,921",76
Owen,"487,096",80
Parke,"326,589",85
Perry,"758,889",63
Pike,"689,383",68
Porter,"7,038,578",9
Posey,"2,877,731",23
Pulaski,"620,684",74
Putnam,"1,032,381",55
Randolph,"737,625",64
Ripley,"1,062,334",54
Rush,"627,561",73
St. Joseph,"12,972,569",6
Scott,"663,104",69
Shelby,"1,842,441",32
Spencer,"1,027,595",56
Starke,"422,624",83
Steuben,"1,324,266",47
Sullivan,"918,148",62
Switzerland,"197,802",89
Tippecanoe,"9,040,396",8
Tipton,"555,250",78
Union,"133,439",91
Vanderburgh,"10,292,671",7
Vermillion,"736,253",65
Vigo,"4,377,484",16
Wabash,"1,164,169",52
Warren,"243,958",88
Warrick,"2,210,607",31
Washington,"601,931",75
Wayne,"2,607,536",26
Wells,"1,144,565",53
White,"944,621",60
Whitley,"1,499,387",42
,,
Iowa,"173,515,422",--
Adair,"409,441",83
Adams,"248,585",95
Allamakee,"601,573",64
Appanoose,"380,440",85
Audubon,"333,982",89
Benton,"831,865",44
Black Hawk,"6,954,188",5
Boone,"934,453",36
Bremer,"1,064,512",29
Buchanan,"782,371",47
Buena Vista,"1,255,549",23
Butler,"448,850",77
Calhoun,"463,769",76
Carroll,"1,386,935",22
Cass,"616,163",60
Cedar,"623,663",58
Cerro Gordo,"2,401,592",13
Cherokee,"732,258",51
Chickasaw,"697,823",53
Clarke,"393,048",84
Clay,"1,003,867",32
Clayton,"879,140",41
Clinton,"2,153,256",14
Crawford,"837,082",43
Dallas,"4,499,385",9
Davis,"251,106",94
Decatur,"205,825",98
Delaware,"952,657",35
Des Moines,"2,061,896",15
Dickinson,"904,689",37
Dubuque,"5,712,534",6
Emmet,"414,613",82
Fayette,"779,277",48
Floyd,"824,187",45
Franklin,"644,022",56
Fremont,"306,827",91
Greene,"493,118",70
Grundy,"524,936",69
Guthrie,"469,367",74
Hamilton,"889,079",40
Hancock,"789,651",46
Hardin,"899,909",39
Harrison,"432,495",78
Henry,"876,317",42
Howard,"491,110",71
Humboldt,"464,899",75
Ida,"485,383",72
Iowa,"1,071,156",28
Jackson,"615,545",61
Jasper,"1,099,820",25
Jefferson,"655,566",55
Johnson,"8,084,987",4
Jones,"613,595",63
Keokuk,"367,517",87
Kossuth,"1,013,375",30
Lee,"1,652,597",19
Linn,"15,469,738",2
Louisa,"641,515",57
Lucas,"305,660",92
Lyon,"998,293",33
Madison,"376,103",86
Mahaska,"904,406",38
Marion,"1,787,982",18
Marshall,"1,788,347",17
Mills,"529,601",68
Mitchell,"743,696",50
Monona,"341,649",88
Monroe,"416,550",80
Montgomery,"416,096",81
Muscatine,"2,442,328",12
O'Brien,"964,234",34
Osceola,"469,782",73
Page,"574,889",66
Palo Alto,"615,505",62
Plymouth,"1,490,450",21
Pocahontas,"622,077",59
Polk,"38,100,157",1
Pottawattamie,"4,119,417",10
Poweshiek,"1,072,844",27
Ringgold,"204,407",99
Sac,"575,534",65
Scott,"8,420,464",3
Shelby,"711,394",52
Sioux,"2,524,724",11
Story,"4,900,452",7
Tama,"665,990",54
Taylor,"255,848",93
Union,"565,342",67
Van Buren,"226,283",97
Wapello,"1,545,785",20
Warren,"1,079,783",26
Washington,"1,163,044",24
Wayne,"232,978",96
Webster,"1,987,435",16
Winnebago,"428,777",79
Winneshiek,"1,004,871",31
Woodbury,"4,756,524",8
Worth,"310,833",90
Wright,"760,324",49
,,
Kansas,"160,059,345",--
Allen,"533,193",38
Anderson,"260,103",67
Atchison,"670,701",31
Barber,"234,775",70
Barton,"1,221,797",21
Bourbon,"622,350",33
Brown,"505,363",41
Butler,"2,687,151",7
Chase,"127,796",99
Chautauqua,"87,196",103
Cherokee,"730,178",29
Cheyenne,"149,359",93
Clark,"204,696",75
Clay,"296,604",59
Cloud,"373,004",50
Coffey,"771,798",27
Comanche,"71,271",105
Cowley,"1,339,143",19
Crawford,"1,523,287",17
Decatur,"159,594",89
Dickinson,"663,593",32
Doniphan,"282,870",64
Douglas,"4,455,949",5
Edwards,"196,379",79
Elk,"80,653",104
Ellis,"1,570,630",16
Ellsworth,"280,500",65
Finney,"2,162,798",13
Ford,"2,041,339",14
Franklin,"873,242",25
Geary,"2,538,211",9
Gove,"196,710",78
Graham,"155,301",92
Grant,"611,744",35
Gray,"714,983",30
Greeley,"170,753",85
Greenwood,"187,031",82
Hamilton,"283,231",63
Harper,"349,838",52
Harvey,"1,194,597",22
Haskell,"468,469",42
Hodgeman,"146,884",95
Jackson,"366,963",51
Jefferson,"378,304",49
Jewell,"157,245",91
Johnson,"43,766,958",1
Kearny,"268,968",66
Kingman,"305,353",57
Kiowa,"148,310",94
Labette,"820,804",26
Lane,"161,891",87
Leavenworth,"2,594,620",8
Lincoln,"114,840",101
Linn,"437,776",46
Logan,"175,293",84
Lyon,"1,342,271",18
McPherson,"2,381,864",11
Marion,"433,625",47
Marshall,"531,862",39
Meade,"283,952",62
Miami,"880,557",24
Mitchell,"423,902",48
Montgomery,"1,755,404",15
Morris,"204,122",76
Morton,"159,682",88
Nemaha,"448,478",44
Neosho,"587,629",36
Ness,"202,328",77
Norton,"249,937",69
Osage,"290,622",61
Osborne,"190,022",80
Ottawa,"135,091",98
Pawnee,"322,578",56
Phillips,"440,451",45
Pottawatomie,"1,166,518",23
Pratt,"620,797",34
Rawlins,"145,369",96
Reno,"2,373,024",12
Republic,"231,947",72
Rice,"530,615",40
Riley,"2,416,723",10
Rooks,"232,675",71
Rush,"159,378",90
Russell,"326,670",54
Saline,"2,725,937",6
Scott,"451,398",43
Sedgwick,"29,339,125",2
Seward,"1,268,805",20
Shawnee,"9,380,700",4
Sheridan,"163,872",86
Sherman,"291,168",60
Smith,"180,336",83
Stafford,"209,092",73
Stanton,"206,652",74
Stevens,"323,262",55
Sumner,"746,505",28
Thomas,"553,045",37
Trego,"189,345",81
Wabaunsee,"142,171",97
Wallace,"116,960",100
Washington,"258,862",68
Wichita,"303,624",58
Wilson,"340,856",53
Woodson,"92,135",102
Wyandotte,"11,106,454",3
,,
Kentucky,"190,811,450",--
Adair,"350,924",70
Allen,"468,656",59
Anderson,"518,067",57
Ballard,"195,157",97
Barren,"1,391,989",26
Bath,"185,101",103
Bell,"733,426",49
Boone,"10,548,510",3
Bourbon,"1,085,975",35
Boyd,"4,271,296",8
Boyle,"1,143,320",34
Bracken,"141,552",113
Breathitt,"220,539",92
Breckinridge,"327,520",71
Bullitt,"2,258,316",15
Butler,"300,770",80
Caldwell,"380,279",66
Calloway,"1,255,328",29
Campbell,"3,152,727",11
Carlisle,"151,739",111
Carroll,"1,775,558",21
Carter,"461,922",61
Casey,"319,139",76
Christian,"5,324,394",6
Clark,"1,375,743",27
Clay,"326,139",72
Clinton,"309,633",79
Crittenden,"198,963",95
Cumberland,"154,124",110
Daviess,"4,216,860",9
Edmonson,"156,737",108
Elliott,"71,983",118
Estill,"198,947",96
Fayette,"18,340,392",2
Fleming,"281,784",83
Floyd,"1,045,510",36
Franklin,"2,781,698",14
Fulton,"192,760",100
Gallatin,"363,971",67
Garrard,"222,103",91
Grant,"466,503",60
Graves,"1,178,673",32
Grayson,"622,263",51
Green,"154,451",109
Greenup,"836,397",44
Hancock,"913,052",40
Hardin,"4,666,262",7
Harlan,"551,647",54
Harrison,"505,882",58
Hart,"521,198",56
Henderson,"1,968,621",17
Henry,"324,823",74
Hickman,"191,609",101
Hopkins,"1,704,465",23
Jackson,"158,872",107
Jefferson,"49,342,960",1
Jessamine,"1,855,095",20
Johnson,"418,456",64
Kenton,"7,088,145",4
Knott,"231,109",90
Knox,"585,937",53
Larue,"200,148",94
Laurel,"1,965,279",19
Lawrence,"325,044",73
Lee,"129,669",114
Leslie,"168,978",106
Letcher,"356,506",68
Lewis,"178,381",104
Lincoln,"354,083",69
Livingston,"263,382",84
Logan,"1,199,843",31
Lyon,"193,352",99
McCracken,"3,974,274",10
McCreary,"238,737",88
McLean,"289,864",81
Madison,"2,808,489",13
Magoffin,"145,734",112
Marion,"835,472",45
Marshall,"1,258,138",28
Martin,"253,396",85
Mason,"1,004,716",37
Meade,"446,304",63
Menifee,"83,209",117
Mercer,"792,357",47
Metcalfe,"177,007",105
Monroe,"286,813",82
Montgomery,"904,888",41
Morgan,"235,576",89
Muhlenberg,"1,208,144",30
Nelson,"1,467,849",25
Nicholas,"85,399",116
Ohio,"892,304",42
Oldham,"1,729,118",22
Owen,"188,324",102
Owsley,"50,767",119
Pendleton,"252,879",86
Perry,"950,187",39
Pike,"1,966,363",18
Powell,"194,671",98
Pulaski,"2,038,524",16
Robertson,"24,009",120
Rockcastle,"310,444",78
Rowan,"681,802",50
Russell,"587,121",52
Scott,"3,011,198",12
Shelby,"1,519,092",24
Simpson,"869,792",43
Spencer,"215,026",93
Taylor,"832,914",46
Todd,"321,296",75
Trigg,"245,179",87
Trimble,"459,132",62
Union,"744,841",48
Warren,"5,625,220",5
Washington,"318,903",77
Wayne,"388,737",65
Webster,"536,653",55
Whitley,"990,942",38
Wolfe,"95,279",115
Woodford,"1,153,462",33
,,
Louisiana,"239,967,199",--
Acadia,"1,520,519",30
Allen,"654,503",45
Ascension,"7,977,395",9
Assumption,"456,748",55
Avoyelles,"899,901",39
Beauregard,"986,943",37
Bienville,"764,845",44
Bossier,"5,215,747",13
Caddo,"12,607,449",6
Calcasieu,"15,722,861",4
Caldwell,"187,505",62
Cameron,"1,234,787",33
Catahoula,"197,122",60
Claiborne,"489,776",54
Concordia,"580,231",47
De Soto,"4,064,627",15
East Baton Rouge,"36,124,993",1
East Carroll,"191,356",61
East Feliciana,"493,325",52
Evangeline,"883,046",40
Franklin,"573,058",48
Grant,"351,420",58
Iberia,"3,143,178",20
Iberville,"1,651,515",28
Jackson,"492,622",53
Jefferson,"21,803,194",3
Jefferson Davis,"903,472",38
Lafayette,"12,873,679",5
Lafourche,"3,905,961",17
LaSalle,"515,176",50
Lincoln,"2,109,079",26
Livingston,"2,550,513",22
Madison,"439,183",57
Morehouse,"642,816",46
Natchitoches,"1,350,515",31
Orleans,"22,275,300",2
Ouachita,"6,607,609",10
Plaquemines,"4,014,541",16
Pointe Coupee,"766,277",43
Rapides,"5,224,167",12
Red River,"1,329,733",32
Richland,"567,808",49
Sabine,"854,982",41
St. Bernard,"2,737,373",21
St. Charles,"8,218,870",8
St. Helena,"153,705",64
St. James,"3,475,449",19
St. John the Baptist,"4,175,207",14
St. Landry,"2,438,557",23
St. Martin,"1,178,673",34
St. Mary,"2,316,761",24
St. Tammany,"10,740,563",7
Tangipahoa,"3,826,831",18
Tensas,"164,853",63
Terrebonne,"5,253,224",11
Union,"501,417",51
Vermilion,"1,648,309",29
Vernon,"1,837,042",27
Washington,"1,053,948",36
Webster,"1,084,321",35
West Baton Rouge,"2,293,199",25
West Carroll,"202,246",59
West Feliciana,"844,398",42
Winn,"455,336",56
,,
Maine,"58,793,333",--
Androscoggin,"4,317,875",5
Aroostook,"2,493,167",6
Cumberland,"19,823,294",1
Franklin,"1,032,713",15
Hancock,"2,214,481",7
Kennebec,"5,242,984",4
Knox,"1,596,282",10
Lincoln,"1,060,260",13
Oxford,"1,634,455",8
Penobscot,"6,033,967",3
Piscataquis,"545,330",16
Sagadahoc,"1,505,212",11
Somerset,"1,609,801",9
Waldo,"1,190,328",12
Washington,"1,035,191",14
York,"7,457,213",2
,,
Maryland,"374,039,254",--
Allegany,"2,921,129",16
Anne Arundel,"45,918,049",4
Baltimore,"51,824,165",2
Calvert,"4,161,824",15
Caroline,"1,360,553",20
Carroll,"5,956,989",11
Cecil,"4,630,750",14
Charles,"5,118,657",12
Dorchester,"1,270,180",22
Frederick,"12,408,352",7
Garrett,"1,292,477",21
Harford,"12,067,932",8
Howard,"24,662,356",6
Kent,"939,163",23
Montgomery,"84,895,717",1
Prince George's,"42,073,965",5
Queen Anne's,"1,787,711",19
St. Mary's,"6,806,268",10
Somerset,"893,635",24
Talbot,"1,966,907",18
Washington,"6,871,045",9
Wicomico,"4,937,014",13
Worcester,"2,862,443",17
Baltimore City,"46,420,459",3
,,
Massachusetts,"519,961,639",--
Barnstable,"13,587,539",9
Berkshire,"6,649,401",11
Bristol,"25,348,582",6
Dukes,"1,983,472",14
Essex,"43,828,344",4
Franklin,"2,890,056",12
Hampden,"20,988,224",8
Hampshire,"7,299,058",10
Middlesex,"163,489,036",1
Nantucket,"2,052,716",13
Norfolk,"51,270,244",3
Plymouth,"25,102,280",7
Suffolk,"114,696,871",2
Worcester,"40,840,078",5
,,
Michigan,"471,648,116",--
Alcona,"224,122",78
Alger,"226,329",77
Allegan,"4,022,455",21
Alpena,"1,026,392",50
Antrim,"533,730",63
Arenac,"429,490",68
Baraga,"239,962",76
Barry,"1,501,106",34
Bay,"3,323,417",22
Benzie,"425,467",69
Berrien,"7,043,241",11
Branch,"1,308,754",40
Calhoun,"5,848,265",14
Cass,"1,059,521",48
Charlevoix,"1,110,353",46
Cheboygan,"603,871",60
Chippewa,"1,064,432",47
Clare,"935,235",53
Clinton,"2,050,482",28
Crawford,"412,201",71
Delta,"1,176,574",43
Dickinson,"1,232,370",41
Eaton,"4,876,632",18
Emmet,"1,620,360",31
Genesee,"14,994,994",7
Gladwin,"471,364",66
Gogebic,"447,700",67
Grand Traverse,"4,648,972",20
Gratiot,"1,315,990",38
Hillsdale,"1,421,987",36
Houghton,"1,036,686",49
Huron,"1,642,311",30
Ingham,"15,335,990",6
Ionia,"1,528,792",33
Iosco,"828,349",54
Iron,"309,953",73
Isabella,"2,187,561",26
Jackson,"5,684,311",15
Kalamazoo,"12,819,078",9
Kalkaska,"505,887",64
Kent,"38,854,663",3
Keweenaw,"48,771",83
Lake,"213,636",79
Lapeer,"2,086,670",27
Leelanau,"689,264",58
Lenawee,"2,707,924",24
Livingston,"6,454,115",12
Luce,"152,079",81
Mackinac,"419,156",70
Macomb,"36,676,006",4
Manistee,"717,935",56
Marquette,"2,944,373",23
Mason,"993,763",51
Mecosta,"1,132,371",45
Menominee,"726,270",55
Midland,"4,962,643",17
Missaukee,"492,220",65
Monroe,"5,387,072",16
Montcalm,"1,499,535",35
Montmorency,"305,444",74
Muskegon,"5,857,270",13
Newaygo,"1,415,438",37
Oakland,"95,044,159",1
Oceana,"669,523",59
Ogemaw,"557,933",62
Ontonagon,"125,873",82
Osceola,"706,600",57
Oscoda,"204,586",80
Otsego,"964,471",52
Ottawa,"13,165,723",8
Presque Isle,"364,070",72
Roscommon,"589,237",61
Saginaw,"7,665,760",10
St. Clair,"4,844,169",19
St. Joseph,"1,889,119",29
Sanilac,"1,315,242",39
Schoolcraft,"292,604",75
Shiawassee,"1,573,326",32
Tuscola,"1,210,428",42
Van Buren,"2,638,934",25
Washtenaw,"22,430,838",5
Wayne,"91,992,838",2
Wexford,"1,171,921",44
,,
Minnesota,"341,041,426",--
Aitkin,"448,562",72
Anoka,"13,926,256",4
Becker,"1,380,383",34
Beltrami,"1,663,946",27
Benton,"1,672,939",26
Big Stone,"227,714",81
Blue Earth,"3,904,767",12
Brown,"1,525,918",30
Carlton,"1,188,386",40
Carver,"4,877,571",10
Cass,"957,995",43
Chippewa,"648,647",60
Chisago,"1,446,831",32
Clay,"1,869,286",22
Clearwater,"274,921",79
Cook,"247,145",80
Cottonwood,"710,828",54
Crow Wing,"2,504,756",16
Dakota,"25,815,161",3
Dodge,"681,047",58
Douglas,"1,832,801",23
Faribault,"588,959",64
Fillmore,"705,316",56
Freeborn,"1,260,817",35
Goodhue,"2,850,139",14
Grant,"282,218",77
Hennepin,"125,835,824",1
Houston,"577,214",65
Hubbard,"652,253",59
Isanti,"1,036,423",41
Itasca,"2,081,915",21
Jackson,"719,701",53
Kanabec,"375,374",74
Kandiyohi,"2,266,679",19
Kittson,"188,376",84
Koochiching,"518,855",69
Lac qui Parle,"317,095",76
Lake,"707,586",55
Lake of the Woods,"175,830",85
Le Sueur,"1,026,787",42
Lincoln,"381,329",73
Lyon,"1,585,216",28
McLeod,"1,720,342",25
Mahnomen,"158,620",86
Marshall,"330,811",75
Martin,"1,200,781",39
Meeker,"846,198",46
Mille Lacs,"766,045",51
Morrison,"1,223,822",36
Mower,"1,778,847",24
Murray,"633,492",62
Nicollet,"1,540,170",29
Nobles,"1,404,059",33
Norman,"195,722",83
Olmsted,"10,750,877",6
Otter Tail,"2,340,334",18
Pennington,"1,479,503",31
Pine,"646,826",61
Pipestone,"790,096",50
Polk,"1,221,554",37
Pope,"544,834",66
Ramsey,"39,364,182",2
Red Lake,"150,058",87
Redwood,"907,097",44
Renville,"826,851",47
Rice,"2,603,069",15
Rock,"802,253",49
Roseau,"1,206,687",38
St. Louis,"10,964,968",5
Scott,"6,074,577",9
Sherburne,"3,107,519",13
Sibley,"471,010",71
Stearns,"8,149,046",8
Steele,"2,231,122",20
Stevens,"682,666",57
Swift,"535,232",67
Todd,"852,304",45
Traverse,"227,202",82
Wabasha,"756,510",52
Wadena,"513,631",70
Waseca,"806,165",48
Washington,"10,371,878",7
Watonwan,"533,939",68
Wilkin,"276,138",78
Winona,"2,348,292",17
Wright,"4,158,575",11
Yellow Medicine,"595,988",63
,,
Mississippi,"102,656,400",--
Adams,"911,665",28
Alcorn,"1,111,411",19
Amite,"238,048",68
Attala,"431,951",55
Benton,"230,407",70
Bolivar,"990,380",25
Calhoun,"259,860",67
Carroll,"116,847",79
Chickasaw,"509,946",49
Choctaw,"623,843",38
Claiborne,"687,937",34
Clarke,"283,323",61
Clay,"525,372",47
Coahoma,"685,522",35
Copiah,"572,122",41
Covington,"594,969",40
DeSoto,"5,023,485",6
Forrest,"3,262,353",8
Franklin,"168,862",75
George,"402,044",57
Greene,"148,158",76
Grenada,"833,077",31
Hancock,"1,512,690",15
Harrison,"7,841,008",2
Hinds,"11,066,328",1
Holmes,"272,114",63
Humphreys,"184,049",73
Issaquena,"27,469",82
Itawamba,"512,345",48
Jackson,"7,502,028",3
Jasper,"567,192",42
Jefferson,"118,147",78
Jefferson Davis,"184,291",72
Jones,"2,581,945",11
Kemper,"339,381",58
Lafayette,"1,877,682",13
Lamar,"1,477,234",16
Lauderdale,"2,984,772",9
Lawrence,"324,355",59
Leake,"535,217",45
Lee,"4,562,016",7
Leflore,"1,101,331",20
Lincoln,"1,094,620",21
Lowndes,"2,703,896",10
Madison,"5,564,542",5
Marion,"811,934",32
Marshall,"632,678",37
Monroe,"901,150",29
Montgomery,"187,983",71
Neshoba,"977,928",26
Newton,"483,969",53
Noxubee,"233,520",69
Oktibbeha,"1,585,930",14
Panola,"1,029,539",23
Pearl River,"926,435",27
Perry,"270,885",65
Pike,"1,061,494",22
Pontotoc,"857,098",30
Prentiss,"551,159",43
Quitman,"97,378",81
Rankin,"5,856,109",4
Scott,"1,118,116",18
Sharkey,"100,091",80
Simpson,"547,518",44
Smith,"426,526",56
Stone,"320,083",60
Sunflower,"623,241",39
Tallahatchie,"271,777",64
Tate,"465,909",54
Tippah,"529,468",46
Tishomingo,"489,187",52
Tunica,"499,243",51
Union,"1,012,815",24
Walthall,"272,712",62
Warren,"2,167,962",12
Washington,"1,388,604",17
Wayne,"652,728",36
Webster,"172,228",74
Wilkinson,"140,246",77
Winston,"504,568",50
Yalobusha,"267,484",66
Yazoo,"694,994",33
,,
Missouri,"287,659,313",--
Adair,"765,086",43
Andrew,"304,685",83
Atchison,"356,830",75
Audrain,"941,826",37
Barry,"1,417,048",26
Barton,"341,905",78
Bates,"412,091",64
Benton,"386,339",69
Bollinger,"188,667",100
Boone,"8,490,334",7
Buchanan,"4,732,176",10
Butler,"1,345,165",28
Caldwell,"215,807",93
Callaway,"1,700,717",19
Camden,"1,392,720",27
Cape Girardeau,"3,779,355",14
Carroll,"390,466",68
Carter,"116,530",113
Cass,"2,351,339",15
Cedar,"255,523",88
Chariton,"314,351",81
Christian,"1,485,142",24
Clark,"156,113",104
Clay,"10,874,943",6
Clinton,"364,674",73
Cole,"4,561,638",11
Cooper,"425,288",63
Crawford,"633,102",52
Dade,"185,151",101
Dallas,"253,147",89
Daviess,"205,509",98
DeKalb,"306,599",82
Dent,"343,108",77
Douglas,"210,978",95
Dunklin,"774,877",42
Franklin,"4,190,570",13
Gasconade,"445,427",61
Gentry,"255,835",87
Greene,"14,915,199",5
Grundy,"361,548",74
Harrison,"259,849",86
Henry,"665,048",47
Hickory,"137,917",110
Holt,"260,778",85
Howard,"224,926",92
Howell,"1,176,686",29
Iron,"436,639",62
Jackson,"42,560,378",2
Jasper,"5,262,399",9
Jefferson,"4,451,284",12
Johnson,"1,663,714",20
Knox,"141,143",109
Laclede,"1,144,863",31
Lafayette,"782,864",41
Lawrence,"839,042",40
Lewis,"227,766",91
Lincoln,"1,085,666",33
Linn,"410,056",65
Livingston,"559,216",55
McDonald,"637,328",50
Macon,"586,128",53
Madison,"280,534",84
Maries,"168,144",102
Marion,"1,100,481",32
Mercer,"123,803",112
Miller,"659,978",48
Mississippi,"368,253",72
Moniteau,"380,527",71
Monroe,"203,706",99
Montgomery,"322,276",80
Morgan,"476,222",59
New Madrid,"1,056,171",34
Newton,"1,886,589",18
Nodaway,"702,044",46
Oregon,"209,832",96
Osage,"405,815",66
Ozark,"133,899",111
Pemiscot,"459,684",60
Perry,"946,198",35
Pettis,"1,594,625",21
Phelps,"1,454,887",25
Pike,"506,110",57
Platte,"6,326,768",8
Polk,"758,232",44
Pulaski,"2,072,099",17
Putnam,"141,364",108
Ralls,"400,620",67
Randolph,"1,170,909",30
Ray,"499,505",58
Reynolds,"243,448",90
Ripley,"211,555",94
St. Charles,"15,105,267",4
St. Clair,"153,668",106
Ste. Genevieve,"574,344",54
St. Francois,"1,565,796",22
St. Louis,"72,235,760",1
Saline,"897,440",38
Schuyler,"105,908",114
Scotland,"155,301",105
Scott,"1,497,410",23
Shannon,"149,430",107
Shelby,"166,087",103
Stoddard,"945,410",36
Stone,"636,661",51
Sullivan,"382,520",70
Taney,"2,208,252",16
Texas,"539,124",56
Vernon,"877,897",39
Warren,"734,299",45
Washington,"348,935",76
Wayne,"208,108",97
Webster,"654,813",49
Worth,"73,353",115
Wright,"326,760",79
St. Louis City,"27,095,648",3
,,
Montana,"47,916,340",--
Beaverhead,"450,242",20
Big Horn,"1,120,386",8
Blaine,"213,355",37
Broadwater,"190,269",39
Carbon,"342,474",26
Carter,"56,068",51
Cascade,"3,635,635",5
Chouteau,"276,002",30
Custer,"448,657",21
Daniels,"88,666",49
Dawson,"392,007",23
Deer Lodge,"258,034",33
Fallon,"213,047",38
Fergus,"508,946",16
Flathead,"3,779,150",4
Gallatin,"5,448,923",2
Garfield,"42,570",53
Glacier,"467,607",18
Golden Valley,"29,900",55
Granite,"92,319",48
Hill,"772,813",12
Jefferson,"264,319",31
Judith Basin,"136,722",41
Lake,"744,908",13
Lewis and Clark,"3,170,432",6
Liberty,"233,894",34
Lincoln,"497,121",17
McCone,"99,531",46
Madison,"454,009",19
Meagher,"74,248",50
Mineral,"94,908",47
Missoula,"5,042,539",3
Musselshell,"358,031",25
Park,"524,179",15
Petroleum,"22,870",56
Phillips,"133,896",42
Pondera,"258,446",32
Powder River,"115,868",44
Powell,"223,885",36
Prairie,"51,960",52
Ravalli,"1,009,474",9
Richland,"962,748",10
Roosevelt,"425,354",22
Rosebud,"903,677",11
Sanders,"309,200",27
Sheridan,"165,659",40
Silver Bow,"1,427,644",7
Stillwater,"698,282",14
Sweet Grass,"230,528",35
Teton,"285,527",29
Toole,"384,508",24
Treasure,"126,328",43
Valley,"303,160",28
Wheatland,"105,590",45
Wibaux,"41,099",54
Yellowstone,"9,037,173",1
,,
Nebraska,"117,395,222",--
Adams,"1,837,838",10
Antelope,"526,858",32
Arthur,"26,511",93
Banner,"57,248",84
Blaine,"42,159",88
Boone,"448,508",34
Box Butte,"629,478",30
Boyd,"145,884",69
Brown,"262,447",61
Buffalo,"2,705,563",5
Burt,"356,159",46
Butler,"301,858",52
Cass,"742,129",22
Cedar,"410,196",40
Chase,"351,207",47
Cherry,"348,240",49
Cheyenne,"528,070",31
Clay,"324,175",50
Colfax,"662,562",27
Cuming,"1,061,995",16
Custer,"790,653",20
Dakota,"1,415,362",13
Dawes,"273,401",57
Dawson,"1,512,022",12
Deuel,"86,030",80
Dixon,"267,450",60
Dodge,"1,864,024",9
Douglas,"43,360,593",1
Dundy,"212,942",65
Fillmore,"386,065",43
Franklin,"84,373",81
Frontier,"92,701",77
Furnas,"235,566",64
Gage,"921,230",17
Garden,"90,278",79
Garfield,"83,487",82
Gosper,"102,223",75
Grant,"40,289",91
Greeley,"100,206",76
Hall,"3,295,265",4
Hamilton,"630,019",29
Harlan,"248,504",63
Hayes,"79,083",83
Hitchcock,"119,515",71
Holt,"699,543",25
Hooker,"41,413",89
Howard,"250,456",62
Jefferson,"424,202",35
Johnson,"177,686",66
Kearney,"375,068",45
Keith,"394,058",41
Keya Paha,"47,057",86
Kimball,"173,552",68
Knox,"410,603",39
Lancaster,"17,196,581",2
Lincoln,"2,230,091",8
Logan,"40,504",90
Loup,"51,684",85
McPherson,"31,433",92
Madison,"2,233,309",7
Merrick,"424,024",36
Morrill,"647,043",28
Nance,"132,587",70
Nemaha,"690,637",26
Nuckolls,"270,982",58
Otoe,"1,191,884",14
Pawnee,"112,773",72
Perkins,"311,942",51
Phelps,"898,927",18
Pierce,"349,152",48
Platte,"2,369,433",6
Polk,"298,488",53
Red Willow,"516,301",33
Richardson,"385,610",44
Rock,"106,470",74
Saline,"860,894",19
Sarpy,"6,996,704",3
Saunders,"730,108",23
Scotts Bluff,"1,640,471",11
Seward,"724,661",24
Sheridan,"275,177",56
Sherman,"108,612",73
Sioux,"92,137",78
Stanton,"269,759",59
Thayer,"391,909",42
Thomas,"45,228",87
Thurston,"417,458",37
Valley,"286,551",55
Washington,"1,084,442",15
Wayne,"414,375",38
Webster,"292,114",54
Wheeler,"174,001",67
York,"765,383",21
,,
Nevada,"153,728,626",--
Churchill,"1,102,051",11
Clark,"110,102,880",1
Douglas,"2,384,536",5
Elko,"2,732,832",4
Esmeralda,"42,948",17
Eureka,"1,433,020",8
Humboldt,"1,270,518",10
Lander,"864,197",12
Lincoln,"156,813",16
Lyon,"1,431,130",9
Mineral,"210,009",15
Nye,"1,688,994",7
Pershing,"311,813",14
Storey,"1,731,617",6
Washoe,"24,111,788",2
White Pine,"658,795",13
Carson City,"3,351,143",3
,,
New Hampshire,"77,240,336",--
Belknap,"2,636,577",7
Carroll,"2,051,584",8
Cheshire,"3,506,538",6
Coos,"1,164,452",10
Grafton,"6,193,813",4
Hillsborough,"25,687,589",1
Merrimack,"9,123,881",3
Rockingham,"19,908,196",2
Strafford,"5,481,378",5
Sullivan,"1,496,081",9
,,
New Jersey,"556,730,956",--
Atlantic,"12,593,490",15
Bergen,"70,158,193",1
Burlington,"25,725,252",10
Camden,"23,558,717",11
Cape May,"5,070,716",18
Cumberland,"6,007,622",17
Essex,"52,070,494",3
Gloucester,"14,017,096",14
Hudson,"43,847,173",5
Hunterdon,"6,820,939",16
Mercer,"31,467,636",9
Middlesex,"57,745,463",2
Monmouth,"32,123,913",8
Morris,"49,285,606",4
Ocean,"18,511,055",13
Passaic,"20,744,966",12
Salem,"4,729,720",19
Somerset,"38,123,619",6
Sussex,"4,438,507",20
Union,"35,935,725",7
Warren,"3,911,548",21
,,
New Mexico,"98,765,726",--
Bernalillo,"34,271,103",1
Catron,"82,383",33
Chaves,"2,150,307",12
Cibola,"616,921",21
Colfax,"469,464",23
Curry,"2,931,973",8
De Baca,"87,570",32
Do√±a Ana,"6,858,097",4
Eddy,"10,669,709",2
Grant,"1,119,613",15
Guadalupe,"143,684",29
Harding,"104,726",30
Hidalgo,"210,430",28
Lea,"9,291,716",3
Lincoln,"618,040",20
Los Alamos,"2,247,823",11
Luna,"807,091",17
McKinley,"2,442,637",10
Mora,"102,207",31
Otero,"2,570,871",9
Quay,"296,499",26
Rio Arriba,"1,411,689",13
Roosevelt,"707,910",18
Sandoval,"3,195,392",7
San Juan,"5,907,349",6
San Miguel,"620,243",19
Santa Fe,"5,977,058",5
Sierra,"306,064",25
Socorro,"490,809",22
Taos,"927,558",16
Torrance,"400,641",24
Union,"252,761",27
Valencia,"1,382,748",14
,,
New York,"1,490,678,506",--
Albany,"29,266,237",11
Allegany,"1,399,890",56
Bronx,"43,747,638",8
Broome,"8,853,738",19
Cattaraugus,"2,836,142",35
Cayuga,"2,735,905",37
Chautauqua,"4,805,586",27
Chemung,"3,627,023",32
Chenango,"2,195,088",41
Clinton,"3,512,019",33
Columbia,"2,189,577",42
Cortland,"1,763,836",51
Delaware,"1,968,259",45
Dutchess,"12,795,732",15
Erie,"53,934,431",7
Essex,"1,513,993",54
Franklin,"1,847,700",48
Fulton,"1,856,429",47
Genesee,"2,416,187",39
Greene,"2,139,990",43
Hamilton,"204,066",62
Herkimer,"1,787,691",50
Jefferson,"5,873,301",24
Kings,"93,907,140",3
Lewis,"1,027,075",59
Livingston,"2,097,619",44
Madison,"2,255,700",40
Monroe,"43,139,246",9
Montgomery,"1,898,461",46
Nassau,"84,577,529",4
New York,"635,274,518",1
Niagara,"9,096,598",18
Oneida,"10,738,937",16
Onondaga,"29,287,721",10
Ontario,"5,565,363",25
Orange,"16,943,328",12
Orleans,"1,256,696",57
Oswego,"6,190,346",23
Otsego,"2,515,452",38
Putnam,"3,247,136",34
Queens,"95,547,729",2
Rensselaer,"7,541,296",21
Richmond,"15,117,375",14
Rockland,"15,388,205",13
St. Lawrence,"4,444,915",28
Saratoga,"10,512,537",17
Schenectady,"8,076,555",20
Schoharie,"1,062,684",58
Schuyler,"504,894",61
Seneca,"1,496,345",55
Steuben,"4,280,609",29
Suffolk,"82,540,571",5
Sullivan,"2,807,164",36
Tioga,"1,793,763",49
Tompkins,"5,495,122",26
Ulster,"6,546,138",22
Warren,"4,042,109",30
Washington,"1,734,210",52
Wayne,"3,802,074",31
Westchester,"72,597,777",6
Wyoming,"1,675,101",53
Yates,"868,690",60
,,
North Carolina,"511,539,864",--
Alamance,"5,623,983",18
Alexander,"774,256",73
Alleghany,"321,905",89
Anson,"785,530",71
Ashe,"707,035",74
Avery,"582,638",82
Beaufort,"2,187,460",42
Bertie,"630,369",78
Bladen,"1,343,102",61
Brunswick,"4,083,261",24
Buncombe,"12,799,956",7
Burke,"2,525,386",35
Cabarrus,"6,840,619",16
Caldwell,"2,374,194",37
Camden,"131,602",99
Carteret,"2,366,766",38
Caswell,"344,408",88
Catawba,"8,402,966",10
Chatham,"1,500,826",54
Cherokee,"679,917",75
Chowan,"604,087",79
Clay,"219,075",95
Cleveland,"4,034,485",25
Columbus,"1,421,895",56
Craven,"4,650,416",21
Cumberland,"16,034,887",6
Currituck,"640,153",77
Dare,"2,170,994",43
Davidson,"4,512,771",23
Davie,"1,251,143",63
Duplin,"1,990,950",45
Durham,"32,944,829",3
Edgecombe,"1,633,606",53
Forsyth,"23,220,946",5
Franklin,"1,745,090",49
Gaston,"7,051,440",14
Gates,"169,744",97
Graham,"220,230",94
Granville,"3,089,433",31
Greene,"481,319",84
Guilford,"31,944,560",4
Halifax,"1,409,282",57
Harnett,"2,284,646",40
Haywood,"1,773,953",48
Henderson,"3,637,047",28
Hertford,"777,147",72
Hoke,"974,271",68
Hyde,"157,972",98
Iredell,"7,926,566",13
Jackson,"1,377,794",58
Johnston,"6,872,934",15
Jones,"208,304",96
Lee,"2,483,237",36
Lenoir,"2,832,977",32
Lincoln,"2,682,376",34
McDowell,"1,668,075",52
Macon,"1,357,611",60
Madison,"397,278",86
Martin,"640,195",76
Mecklenburg,"98,066,733",1
Mitchell,"492,695",83
Montgomery,"833,728",70
Moore,"3,217,766",30
Nash,"4,973,995",19
New Hanover,"12,020,702",8
Northampton,"587,318",80
Onslow,"8,030,430",12
Orange,"8,115,462",11
Pamlico,"261,854",91
Pasquotank,"1,361,606",59
Pender,"1,256,637",62
Perquimans,"257,121",92
Person,"1,498,681",55
Pitt,"8,645,832",9
Polk,"428,954",85
Randolph,"3,924,280",27
Richmond,"1,849,632",47
Robeson,"3,539,649",29
Rockingham,"2,715,511",33
Rowan,"4,971,797",20
Rutherford,"1,727,558",51
Sampson,"1,946,959",46
Scotland,"1,118,746",66
Stanly,"1,732,209",50
Stokes,"1,012,554",67
Surry,"2,317,293",39
Swain,"586,745",81
Transylvania,"1,203,051",64
Tyrrell,"122,157",100
Union,"6,558,534",17
Vance,"1,174,030",65
Wake,"76,027,737",2
Warren,"283,683",90
Washington,"244,716",93
Watauga,"2,020,410",44
Wayne,"4,535,153",22
Wilkes,"2,230,037",41
Wilson,"4,005,692",26
Yadkin,"883,086",69
Yancey,"393,823",87
,,
North Dakota,"53,930,202",--
Adams,"177,990",38
Barnes,"612,311",16
Benson,"239,211",30
Billings,"209,871",35
Bottineau,"466,287",20
Bowman,"248,981",29
Burke,"226,353",34
Burleigh,"5,094,810",3
Cass,"11,705,258",1
Cavalier,"448,025",21
Dickey,"424,745",23
Divide,"184,144",37
Dunn,"993,983",11
Eddy,"135,512",48
Emmons,"173,759",39
Foster,"239,134",31
Golden Valley,"84,207",51
Grand Forks,"3,789,214",4
Grant,"129,060",49
Griggs,"163,954",41
Hettinger,"91,152",50
Kidder,"157,783",43
LaMoure,"307,461",25
Logan,"149,943",44
McHenry,"266,216",28
McIntosh,"162,718",42
McKenzie,"3,365,807",6
McLean,"727,586",14
Mercer,"909,956",12
Morton,"1,521,085",9
Mountrail,"1,569,744",8
Nelson,"170,490",40
Oliver,"237,513",32
Pembina,"483,728",19
Pierce,"207,168",36
Ramsey,"581,324",17
Ransom,"283,596",27
Renville,"231,679",33
Richland,"823,241",13
Rolette,"384,869",24
Sargent,"716,601",15
Sheridan,"45,299",52
Sioux,"139,036",47
Slope,"44,021",53
Stark,"2,632,907",7
Steele,"139,811",46
Stutsman,"1,255,819",10
Towner,"140,587",45
Traill,"428,221",22
Walsh,"573,679",18
Ward,"3,688,743",5
Wells,"294,250",26
Williams,"5,226,790",2
,,
Ohio,"615,474,375",--
Adams,"672,809",82
Allen,"7,920,377",15
Ashland,"1,601,253",65
Ashtabula,"2,861,784",40
Athens,"1,961,428",56
Auglaize,"2,250,870",50
Belmont,"5,999,449",20
Brown,"755,944",80
Butler,"20,153,862",7
Carroll,"2,363,506",47
Champaign,"1,052,665",74
Clark,"4,327,627",28
Clermont,"7,525,264",16
Clinton,"2,096,089",51
Columbiana,"3,048,798",38
Coshocton,"1,318,252",67
Crawford,"1,247,536",68
Cuyahoga,"87,921,020",1
Darke,"2,017,773",53
Defiance,"1,681,059",64
Delaware,"10,388,012",10
Erie,"4,728,241",25
Fairfield,"3,881,595",31
Fayette,"2,511,257",45
Franklin,"87,835,114",2
Fulton,"1,945,365",57
Gallia,"2,014,001",55
Geauga,"3,797,778",32
Greene,"8,981,586",13
Guernsey,"3,064,842",37
Hamilton,"70,337,978",3
Hancock,"5,042,003",24
Hardin,"903,793",79
Harrison,"2,443,305",46
Henry,"1,157,779",70
Highland,"1,049,283",75
Hocking,"593,361",84
Holmes,"2,286,066",49
Huron,"2,080,175",52
Jackson,"953,319",78
Jefferson,"4,534,029",26
Knox,"2,014,995",54
Lake,"10,266,470",11
Lawrence,"1,692,748",62
Licking,"5,855,613",21
Logan,"1,932,972",58
Lorain,"9,390,379",12
Lucas,"24,555,878",6
Madison,"1,697,996",61
Mahoning,"8,710,965",14
Marion,"2,651,009",43
Medina,"6,802,952",18
Meigs,"346,034",86
Mercer,"2,360,166",48
Miami,"4,051,825",29
Monroe,"3,333,778",36
Montgomery,"26,973,502",5
Morgan,"284,388",87
Morrow,"612,078",83
Muskingum,"3,610,907",33
Noble,"1,014,267",76
Ottawa,"1,867,636",59
Paulding,"566,905",85
Perry,"690,892",81
Pickaway,"1,514,579",66
Pike,"1,055,613",72
Portage,"5,589,312",23
Preble,"1,054,613",73
Putnam,"1,153,826",71
Richland,"4,370,872",27
Ross,"2,587,828",44
Sandusky,"2,720,589",42
Scioto,"2,804,540",41
Seneca,"1,799,666",60
Shelby,"2,955,928",39
Stark,"16,077,936",8
Summit,"27,497,738",4
Trumbull,"6,878,360",17
Tuscarawas,"3,485,612",34
Union,"3,943,024",30
Van Wert,"1,223,087",69
Vinton,"255,942",88
Warren,"10,501,867",9
Washington,"3,349,033",35
Wayne,"5,740,974",22
Williams,"1,683,035",63
Wood,"6,514,796",19
Wyandot,"974,843",77
,,
Oklahoma,"197,900,359",--
Adair,"424,600",49
Alfalfa,"256,908",66
Atoka,"289,264",62
Beaver,"422,636",50
Beckham,"1,094,988",28
Blaine,"448,726",47
Bryan,"1,478,085",21
Caddo,"788,060",38
Canadian,"3,978,646",6
Carter,"2,804,679",10
Cherokee,"1,098,009",27
Choctaw,"351,859",57
Cimarron,"263,668",64
Cleveland,"7,137,363",4
Coal,"153,461",73
Comanche,"4,525,377",5
Cotton,"158,666",72
Craig,"451,144",46
Creek,"1,838,545",14
Custer,"1,603,291",19
Delaware,"873,483",36
Dewey,"318,272",60
Ellis,"272,970",63
Garfield,"3,201,330",7
Garvin,"1,336,927",24
Grady,"1,471,980",22
Grant,"426,259",48
Greer,"104,806",76
Harmon,"100,617",77
Harper,"298,160",61
Haskell,"353,657",56
Hughes,"645,682",42
Jackson,"1,016,251",30
Jefferson,"123,653",75
Johnston,"342,986",58
Kay,"1,636,746",18
Kingfisher,"1,134,708",25
Kiowa,"261,520",65
Latimer,"353,995",55
Le Flore,"1,352,220",23
Lincoln,"715,056",39
Logan,"645,454",43
Love,"406,018",51
McClain,"958,504",33
McCurtain,"987,978",31
McIntosh,"334,852",59
Major,"365,520",53
Marshall,"403,704",52
Mayes,"1,660,771",17
Murray,"501,587",45
Muskogee,"2,792,407",11
Noble,"602,979",44
Nowata,"184,203",71
Okfuskee,"210,966",69
Oklahoma,"64,387,819",1
Okmulgee,"789,620",37
Osage,"879,308",34
Ottawa,"984,750",32
Pawnee,"363,412",54
Payne,"3,064,031",8
Pittsburg,"1,746,640",16
Pontotoc,"1,803,203",15
Pottawatomie,"1,990,187",13
Pushmataha,"205,420",70
Roger Mills,"136,108",74
Rogers,"2,826,432",9
Seminole,"681,462",41
Sequoyah,"699,209",40
Stephens,"1,521,576",20
Texas,"2,073,407",12
Tillman,"220,897",68
Tulsa,"46,449,223",2
Wagoner,"1,062,558",29
Washington,"8,079,688",3
Washita,"240,988",67
Woods,"879,146",35
Woodward,"1,116,850",26
,,
Oregon,"225,336,818",--
Baker,"621,854",29
Benton,"4,457,457",9
Clackamas,"19,720,314",3
Clatsop,"1,850,902",17
Columbia,"1,249,316",22
Coos,"2,282,327",15
Crook,"805,653",26
Curry,"633,945",28
Deschutes,"8,670,438",6
Douglas,"3,494,914",10
Gilliam,"224,906",35
Grant,"251,263",34
Harney,"288,772",33
Hood River,"1,200,084",23
Jackson,"8,612,882",7
Jefferson,"715,346",27
Josephine,"2,722,587",13
Klamath,"2,395,999",14
Lake,"341,019",31
Lane,"15,482,217",4
Lincoln,"1,843,415",18
Linn,"4,692,052",8
Malheur,"1,379,311",20
Marion,"15,370,750",5
Morrow,"1,613,890",19
Multnomah,"63,193,837",1
Polk,"1,878,937",16
Sherman,"518,432",30
Tillamook,"1,160,441",24
Umatilla,"3,232,447",12
Union,"916,140",25
Wallowa,"330,086",32
Wasco,"1,276,639",21
Washington,"48,463,443",2
Wheeler,"35,747",36
Yamhill,"3,481,930",11
,,
Pennsylvania,"726,165,857",--
Adams,"3,540,312",35
Allegheny,"92,984,370",2
Armstrong,"2,328,167",43
Beaver,"7,071,719",21
Bedford,"1,490,166",57
Berks,"18,832,774",11
Blair,"5,647,210",27
Bradford,"5,228,988",28
Bucks,"30,617,551",6
Butler,"10,129,654",18
Cambria,"4,604,267",32
Cameron,"204,755",67
Carbon,"2,369,488",41
Centre,"7,982,602",20
Chester,"40,731,215",4
Clarion,"1,221,880",60
Clearfield,"2,703,853",39
Clinton,"1,586,334",54
Columbia,"2,342,837",42
Crawford,"2,938,151",37
Cumberland,"14,470,931",13
Dauphin,"20,895,179",9
Delaware,"32,185,619",5
Elk,"1,571,903",55
Erie,"10,915,678",17
Fayette,"4,628,835",31
Forest,"238,391",66
Franklin,"5,850,275",25
Fulton,"660,057",64
Greene,"4,957,694",29
Huntingdon,"1,295,869",58
Indiana,"3,990,933",34
Jefferson,"1,600,933",53
Juniata,"770,906",63
Lackawanna,"9,401,088",19
Lancaster,"26,881,438",7
Lawrence,"3,037,868",36
Lebanon,"5,651,715",26
Lehigh,"21,592,345",8
Luzerne,"14,843,674",12
Lycoming,"6,441,988",22
McKean,"2,266,746",45
Mercer,"4,198,977",33
Mifflin,"1,627,135",52
Monroe,"6,350,462",23
Montgomery,"70,574,860",3
Montour,"1,779,351",49
Northampton,"14,044,354",16
Northumberland,"2,791,884",38
Perry,"861,220",62
Philadelphia,"109,244,960",1
Pike,"1,244,880",59
Potter,"1,071,548",61
Schuylkill,"4,896,407",30
Snyder,"1,500,567",56
Somerset,"2,576,872",40
Sullivan,"617,224",65
Susquehanna,"5,877,242",24
Tioga,"2,231,570",46
Union,"1,688,595",50
Venango,"1,876,566",48
Warren,"1,880,848",47
Washington,"14,343,479",14
Wayne,"1,635,492",51
Westmoreland,"14,056,279",15
Wyoming,"2,277,008",44
York,"19,163,414",10
,,
Rhode Island,"53,667,978",--
Bristol,"1,595,125",5
Kent,"8,445,218",2
Newport,"5,309,907",4
Providence,"32,023,231",1
Washington,"6,297,580",3
,,
South Carolina,"214,933,685",--
Abbeville,"604,283",35
Aiken,"6,262,564",12
Allendale,"291,877",45
Anderson,"6,725,559",11
Bamberg,"332,992",44
Barnwell,"480,851",40
Beaufort,"6,894,117",9
Berkeley,"7,395,746",8
Calhoun,"585,333",38
Charleston,"28,742,768",2
Cherokee,"1,721,824",23
Chester,"1,151,563",27
Chesterfield,"1,474,951",25
Clarendon,"586,959",37
Colleton,"915,610",30
Darlington,"2,567,760",20
Dillon,"766,478",32
Dorchester,"3,417,718",17
Edgefield,"575,538",39
Fairfield,"948,340",29
Florence,"6,893,095",10
Georgetown,"2,316,755",21
Greenville,"29,970,983",1
Greenwood,"2,777,218",18
Hampton,"448,266",41
Horry,"11,748,427",5
Jasper,"972,648",28
Kershaw,"1,710,351",24
Lancaster,"3,983,952",14
Laurens,"2,061,152",22
Lee,"348,411",43
Lexington,"11,704,113",6
McCormick,"203,077",46
Marion,"597,293",36
Marlboro,"771,535",31
Newberry,"1,397,645",26
Oconee,"3,675,491",16
Orangeburg,"2,736,842",19
Pickens,"3,743,723",15
Richland,"23,253,385",3
Saluda,"428,915",42
Spartanburg,"14,674,876",4
Sumter,"3,988,373",13
Union,"750,255",33
Williamsburg,"750,009",34
York,"10,669,603",7
,,
South Dakota,"47,559,727",--
Aurora,"85,752",60
Beadle,"905,832",12
Bennett,"98,900",57
Bon Homme,"238,502",35
Brookings,"2,140,565",4
Brown,"2,115,457",5
Brule,"248,560",31
Buffalo,"104,690",56
Butte,"286,968",27
Campbell,"82,387",61
Charles Mix,"471,750",17
Clark,"188,614",42
Clay,"528,343",16
Codington,"1,386,052",6
Corson,"93,700",58
Custer,"211,709",40
Davison,"1,123,803",9
Day,"247,240",32
Deuel,"326,065",24
Dewey,"223,329",37
Douglas,"239,763",34
Edmunds,"235,143",36
Fall River,"256,052",30
Faulk,"191,767",41
Grant,"559,183",15
Gregory,"162,710",45
Haakon,"110,343",55
Hamlin,"243,682",33
Hand,"172,266",44
Hanson,"150,002",47
Harding,"81,386",62
Hughes,"1,138,590",8
Hutchinson,"437,712",18
Hyde,"93,086",59
Jackson,"73,430",63
Jerauld,"145,775",48
Jones,"58,904",64
Kingsbury,"328,107",23
Lake,"577,844",14
Lawrence,"1,000,282",11
Lincoln,"2,424,397",3
Lyman,"187,328",43
McCook,"260,675",29
McPherson,"119,229",52
Marshall,"312,869",26
Meade,"716,817",13
Mellette,"43,866",66
Miner,"116,583",54
Minnehaha,"15,361,082",1
Moody,"341,803",21
Oglala Lakota,"313,502",25
Pennington,"4,940,327",2
Perkins,"129,807",51
Potter,"142,761",49
Roberts,"333,143",22
Sanborn,"154,652",46
Spink,"399,142",19
Stanley,"135,232",50
Sully,"116,725",53
Todd,"214,985",39
Tripp,"283,261",28
Turner,"364,815",20
Union,"1,252,167",7
Walworth,"218,811",38
Yankton,"1,118,160",10
Ziebach,"54,309",65
,,
Tennessee,"328,406,303",--
Anderson,"4,559,252",14
Bedford,"1,575,861",30
Benton,"336,482",75
Bledsoe,"193,876",86
Blount,"5,221,491",11
Bradley,"4,124,397",15
Campbell,"855,875",49
Cannon,"236,379",84
Carroll,"655,959",60
Carter,"1,023,332",45
Cheatham,"1,076,529",41
Chester,"347,909",74
Claiborne,"745,231",51
Clay,"170,841",90
Cocke,"711,296",53
Coffee,"2,610,229",20
Crockett,"527,412",66
Cumberland,"1,518,969",31
Davidson,"64,615,968",1
Decatur,"313,595",77
DeKalb,"601,637",61
Dickson,"1,768,940",26
Dyer,"1,630,329",28
Fayette,"1,035,153",44
Fentress,"431,787",69
Franklin,"1,086,684",39
Gibson,"1,414,276",32
Giles,"1,067,212",42
Grainger,"378,278",72
Greene,"2,242,503",23
Grundy,"229,243",85
Hamblen,"2,855,639",19
Hamilton,"22,925,773",4
Hancock,"84,176",95
Hardeman,"601,509",62
Hardin,"875,062",48
Hawkins,"1,588,153",29
Haywood,"710,722",54
Henderson,"691,122",56
Henry,"1,178,287",37
Hickman,"406,817",70
Houston,"140,963",93
Humphreys,"703,038",55
Jackson,"181,838",88
Jefferson,"1,346,858",33
Johnson,"367,826",73
Knox,"24,481,578",3
Lake,"142,718",92
Lauderdale,"658,128",59
Lawrence,"1,003,661",46
Lewis,"266,054",82
Lincoln,"988,499",47
Loudon,"1,728,112",27
McMinn,"1,935,983",24
McNairy,"581,850",63
Macon,"496,447",68
Madison,"5,507,977",9
Marion,"761,123",50
Marshall,"1,130,637",38
Maury,"3,863,999",16
Meigs,"240,893",83
Monroe,"1,294,384",35
Montgomery,"4,972,614",12
Moore,"401,703",71
Morgan,"286,061",79
Obion,"1,077,463",40
Overton,"512,775",67
Perry,"178,960",89
Pickett,"143,380",91
Polk,"293,124",78
Putnam,"3,186,385",18
Rhea,"1,793,455",25
Roane,"2,374,077",21
Robertson,"2,325,754",22
Rutherford,"14,643,061",6
Scott,"541,473",64
Sequatchie,"268,720",81
Sevier,"3,810,138",17
Shelby,"57,885,809",2
Smith,"672,376",57
Stewart,"739,742",52
Sullivan,"6,923,579",7
Sumner,"6,131,331",8
Tipton,"1,053,640",43
Trousdale,"187,100",87
Unicoi,"533,131",65
Union,"279,019",80
Van Buren,"88,221",94
Warren,"1,346,629",34
Washington,"5,346,734",10
Wayne,"321,748",76
Weakley,"1,190,248",36
White,"666,824",58
Williamson,"20,490,414",5
Wilson,"4,689,565",13
,,
Texas,"1,764,357,169",--
Anderson,"1,910,774",92
Andrews,"4,855,010",52
Angelina,"3,166,166",67
Aransas,"626,686",173
Archer,"361,834",198
Armstrong,"66,613",251
Atascosa,"4,492,812",53
Austin,"1,314,726",120
Bailey,"455,961",182
Bandera,"338,951",202
Bastrop,"2,023,331",85
Baylor,"172,487",232
Bee,"810,426",161
Bell,"15,064,785",18
Bexar,"96,048,613",5
Blanco,"333,819",204
Borden,"834,111",158
Bosque,"535,444",177
Bowie,"3,360,961",65
Brazoria,"14,949,708",19
Brazos,"9,631,682",29
Brewster,"367,037",196
Briscoe,"106,952",244
Brooks,"372,996",193
Brown,"1,341,005",118
Burleson,"1,712,129",100
Burnet,"1,450,427",114
Caldwell,"881,820",150
Calhoun,"3,518,469",60
Callahan,"293,166",211
Cameron,"10,373,362",27
Camp,"320,604",207
Carson,"990,779",138
Cass,"801,391",164
Castro,"891,057",149
Chambers,"2,924,433",70
Cherokee,"1,412,656",116
Childress,"217,615",223
Clay,"258,988",216
Cochran,"413,092",189
Coke,"137,264",238
Coleman,"225,520",221
Collin,"63,204,633",6
Collingsworth,"82,121",246
Colorado,"813,840",160
Comal,"5,312,024",48
Comanche,"429,433",187
Concho,"136,444",239
Cooke,"2,666,057",73
Coryell,"1,536,771",107
Cottle,"81,353",247
Crane,"1,089,316",131
Crockett,"1,289,011",121
Crosby,"330,560",205
Culberson,"1,996,602",88
Dallam,"858,312",157
Dallas,"242,958,925",2
Dawson,"879,443",152
Deaf Smith,"1,808,436",93
Delta,"118,298",242
Denton,"29,822,538",7
DeWitt,"6,457,833",36
Dickens,"135,138",240
Dimmit,"5,861,898",42
Donley,"153,389",235
Duval,"426,024",188
Eastland,"880,569",151
Ector,"13,450,355",20
Edwards,"101,129",245
Ellis,"5,663,129",44
El Paso,"29,011,802",9
Erath,"1,501,122",109
Falls,"381,764",190
Fannin,"804,786",162
Fayette,"1,631,933",104
Fisher,"247,867",219
Floyd,"376,412",192
Foard,"55,492",253
Fort Bend,"24,909,665",11
Franklin,"429,542",186
Freestone,"1,330,268",119
Frio,"1,453,416",113
Gaines,"3,383,184",64
Galveston,"15,757,277",17
Garza,"364,030",197
Gillespie,"913,683",147
Glasscock,"5,687,309",43
Goliad,"318,048",208
Gonzales,"5,234,195",49
Gray,"1,119,564",128
Grayson,"4,866,248",51
Gregg,"7,455,386",35
Grimes,"1,044,079",133
Guadalupe,"5,346,735",47
Hale,"1,387,749",117
Hall,"75,513",249
Hamilton,"236,269",220
Hansford,"792,363",165
Hardeman,"215,102",224
Hardin,"1,421,902",115
Harris,"380,947,807",1
Harrison,"4,880,846",50
Hartley,"1,094,330",130
Haskell,"367,442",195
Hays,"6,344,096",38
Hemphill,"940,424",144
Henderson,"1,702,667",101
Hidalgo,"19,766,430",14
Hill,"960,042",141
Hockley,"2,478,056",79
Hood,"2,279,385",83
Hopkins,"1,486,259",110
Houston,"997,036",137
Howard,"8,391,331",31
Hudspeth,"182,932",229
Hunt,"3,647,103",57
Hutchinson,"8,692,809",30
Irion,"1,968,555",89
Jack,"572,130",174
Jackson,"738,367",168
Jasper,"1,003,561",136
Jeff Davis,"76,554",248
Jefferson,"21,988,565",12
Jim Hogg,"211,946",225
Jim Wells,"1,722,442",98
Johnson,"6,127,085",39
Jones,"438,454",185
Karnes,"12,623,328",22
Kaufman,"3,172,400",66
Kendall,"1,925,791",91
Kenedy,"353,086",199
Kent,"380,154",191
Kerr,"1,741,955",95
Kimble,"141,703",237
King,"193,454",226
Kinney,"112,499",243
Kleberg,"1,156,214",125
Knox,"165,859",233
Lamar,"2,559,287",76
Lamb,"787,385",166
Lampasas,"439,732",184
La Salle,"7,667,819",34
Lavaca,"1,671,655",102
Lee,"981,651",140
Leon,"943,624",143
Liberty,"2,019,615",86
Limestone,"1,568,325",105
Lipscomb,"802,246",163
Live Oak,"2,533,580",78
Llano,"662,458",170
Loving,"10,114,468",28
Lubbock,"12,583,659",23
Lynn,"271,089",215
McCulloch,"337,154",203
McLennan,"11,475,725",25
McMullen,"3,450,145",62
Madison,"858,701",156
Marion,"282,579",213
Martin,"12,836,342",21
Mason,"125,396",241
Matagorda,"2,130,241",84
Maverick,"1,659,423",103
Medina,"932,056",145
Menard,"56,296",252
Midland,"29,800,548",8
Milam,"661,403",171
Mills,"179,402",230
Mitchell,"473,663",181
Montague,"988,516",139
Montgomery,"26,608,080",10
Moore,"2,661,614",74
Morris,"733,044",169
Motley,"33,606",254
Nacogdoches,"2,656,946",75
Navarro,"1,557,660",106
Newton,"519,674",179
Nolan,"1,019,287",135
Nueces,"19,396,867",15
Ochiltree,"1,474,669",111
Oldham,"339,263",200
Orange,"3,551,082",59
Palo Pinto,"1,071,304",132
Panola,"3,093,874",68
Parker,"3,998,281",55
Parmer,"1,150,418",126
Pecos,"3,973,700",56
Polk,"1,246,897",122
Potter,"7,717,554",33
Presidio,"250,526",218
Rains,"193,389",227
Randall,"3,591,737",58
Reagan,"6,430,657",37
Real,"68,586",250
Red River,"292,218",212
Reeves,"16,078,286",16
Refugio,"503,454",180
Roberts,"930,064",146
Robertson,"2,844,267",71
Rockwall,"3,019,931",69
Runnels,"339,181",201
Rusk,"2,797,617",72
Sabine,"255,928",217
San Augustine,"1,238,645",123
San Jacinto,"323,726",206
San Patricio,"2,555,679",77
San Saba,"174,901",231
Schleicher,"191,740",228
Scurry,"2,405,286",80
Shackelford,"298,075",210
Shelby,"1,503,178",108
Sherman,"523,876",178
Smith,"10,389,548",26
Somervell,"1,110,367",129
Starr,"1,457,195",112
Stephens,"548,501",175
Sterling,"312,247",209
Stonewall,"271,567",214
Sutton,"368,339",194
Swisher,"658,065",172
Tarrant,"106,860,255",4
Taylor,"6,079,138",40
Terrell,"162,027",234
Terry,"817,722",159
Throckmorton,"146,955",236
Titus,"1,796,056",94
Tom Green,"5,388,284",46
Travis,"112,944,854",3
Trinity,"224,569",222
Tyler,"447,315",183
Upshur,"876,982",153
Upton,"8,124,041",32
Uvalde,"871,238",154
Val Verde,"1,721,857",99
Van Zandt,"1,167,200",124
Victoria,"4,191,127",54
Walker,"2,019,247",87
Waller,"2,341,706",82
Ward,"5,888,166",41
Washington,"1,732,382",96
Webb,"12,348,848",24
Wharton,"1,966,231",90
Wheeler,"944,486",142
Wichita,"5,525,214",45
Wilbarger,"781,801",167
Willacy,"535,808",176
Williamson,"20,884,833",13
Wilson,"1,125,583",127
Winkler,"2,377,053",81
Wise,"3,505,772",61
Wood,"1,725,683",97
Yoakum,"3,432,549",63
Young,"893,312",148
Zapata,"861,213",155
Zavala,"1,043,115",134
,,
Utah,"168,792,742",--
Beaver,"432,800",22
Box Elder,"2,433,715",8
Cache,"5,135,751",6
Carbon,"997,957",14
Daggett,"175,594",26
Davis,"13,874,106",3
Duchesne,"1,211,768",12
Emery,"852,885",16
Garfield,"242,701",25
Grand,"590,150",19
Iron,"1,740,548",10
Juab,"453,773",21
Kane,"300,442",23
Millard,"809,726",18
Morgan,"266,634",24
Piute,"73,881",29
Rich,"159,404",27
Salt Lake,"86,424,082",1
San Juan,"512,921",20
Sanpete,"829,565",17
Sevier,"1,036,601",13
Summit,"3,206,102",7
Tooele,"1,709,909",11
Uintah,"1,881,677",9
Utah,"25,899,184",2
Wasatch,"888,304",15
Washington,"5,622,666",5
Wayne,"113,378",28
Weber,"10,575,618",4
,,
Vermont,"29,806,164",--
Addison,"1,594,564",7
Bennington,"1,564,682",8
Caledonia,"996,310",10
Chittenden,"10,471,481",1
Essex,"136,293",14
Franklin,"1,890,595",6
Grand Isle,"172,336",13
Lamoille,"1,048,665",9
Orange,"745,980",12
Orleans,"968,088",11
Rutland,"2,399,304",3
Washington,"3,410,986",2
Windham,"2,071,743",5
Windsor,"2,346,065",4
,,
Virginia,"489,168,430",--
Accomack,"1,372,202",45
Amelia,"285,987",93
Amherst,"784,099",61
Appomattox,"263,553",96
Arlington,"32,564,585",2
Bath,"192,342",100
Bedford,"1,897,197",36
Bland,"208,390",99
Botetourt,"1,179,581",52
Brunswick,"755,023",63
Buchanan,"1,130,462",53
Buckingham,"514,768",72
Caroline,"612,103",68
Charles City,"181,485",101
Charlotte,"267,497",95
Chesterfield,"13,613,556",10
Clarke,"446,041",78
Craig,"91,772",104
Culpeper,"1,639,788",41
Cumberland,"158,628",102
Dickenson,"539,758",70
Essex,"369,306",86
Fauquier,"2,482,156",32
Floyd,"347,336",89
Fluvanna,"760,396",62
Franklin,"1,364,606",46
Giles,"468,317",74
Gloucester,"838,162",59
Goochland,"2,163,885",35
Grayson,"319,547",91
Greene,"389,691",85
Halifax,"1,187,152",50
Hanover,"5,312,349",22
Henrico,"26,814,535",3
Highland,"70,766",105
Isle of Wight,"1,388,560",44
King and Queen,"128,022",103
King George,"1,708,441",38
King William,"440,874",80
Lancaster,"425,274",83
Lee,"444,426",79
Loudoun,"25,667,853",4
Louisa,"1,891,225",37
Lunenburg,"245,376",97
Madison,"331,218",90
Mathews,"212,814",98
Mecklenburg,"975,758",57
Middlesex,"356,519",87
Nelson,"454,028",76
New Kent,"437,886",81
Northampton,"500,015",73
Northumberland,"412,130",84
Nottoway,"517,184",71
Orange,"1,022,295",56
Page,"584,260",69
Patrick,"436,033",82
Powhatan,"672,376",67
Prince Edward,"683,240",65
Pulaski,"1,303,451",47
Rappahannock,"288,637",92
Richmond,"275,258",94
Russell,"674,822",66
Scott,"453,463",77
Shenandoah,"1,580,133",42
Smyth,"1,057,409",54
Stafford,"4,967,807",24
Surry,"1,025,069",55
Sussex,"355,486",88
Tazewell,"1,279,280",48
Warren,"1,671,763",39
Westmoreland,"466,459",75
Wythe,"1,661,828",40
Independent cities,,
Alexandria,"13,764,945",9
Chesapeake,"9,280,375",13
Hampton,"6,421,553",17
Newport News,"12,974,306",11
Norfolk,"20,764,852",6
Portsmouth,"5,706,926",20
Richmond,"21,733,731",5
Roanoke,"6,917,401",15
Suffolk,"3,474,723",28
Virginia Beach,"19,858,267",7
Combination areas1,,
Albemarle + Charlottesville,"10,712,595",12
Alleghany + Covington,"834,166",60
"Augusta, Staunton + Waynesboro","4,848,087",25
Campbell + Lynchburg,"6,796,229",16
Carroll + Galax,"953,607",58
"Dinwiddie, Colonial Heights + Petersburg","2,794,471",31
"Fairfax, Fairfax City + Falls Church","110,392,881",1
Frederick + Winchester,"5,958,868",18
Greensville + Emporia,"1,246,958",49
Henry + Martinsville,"2,180,392",34
James City + Williamsburg,"4,566,261",26
Montgomery + Radford,"5,095,291",23
Pittsylvania + Danville,"3,460,016",29
Prince George + Hopewell,"3,727,746",27
"Prince William, Manassas + Manassas Park","18,476,449",8
Roanoke + Salem,"5,849,904",19
"Rockbridge, Buena Vista + Lexington","1,182,899",51
Rockingham + Harrisonburg,"7,194,035",14
Southampton + Franklin,"733,814",64
Spotsylvania + Fredericksburg,"5,459,600",21
Washington + Bristol,"3,429,150",30
Wise + Norton,"1,512,684",43
York + Poquoson,"2,359,742",33
,,
Washington,"548,686,658",--
Adams,"1,010,251",29
Asotin,"707,109",32
Benton,"11,323,770",9
Chelan,"4,356,925",14
Clallam,"2,437,895",21
Clark,"20,277,551",5
Columbia,"357,514",35
Cowlitz,"4,925,417",13
Douglas,"1,739,697",22
Ferry,"211,241",37
Franklin,"3,835,969",15
Garfield,"162,399",38
Grant,"5,676,235",12
Grays Harbor,"2,591,043",19
Island,"2,868,204",18
Jefferson,"1,017,275",28
King,"294,329,768",1
Kitsap,"12,065,255",8
Kittitas,"1,713,359",23
Klickitat,"1,272,857",26
Lewis,"3,280,790",17
Lincoln,"492,383",34
Mason,"1,599,649",24
Okanogan,"1,492,710",25
Pacific,"739,633",30
Pend Oreille,"556,693",33
Pierce,"41,492,997",3
San Juan,"727,274",31
Skagit,"7,765,443",11
Skamania,"284,565",36
Snohomish,"46,966,858",2
Spokane,"25,730,384",4
Stevens,"1,143,758",27
Thurston,"12,795,113",7
Wahkiakum,"89,625",39
Walla Walla,"3,513,539",16
Whatcom,"13,808,458",6
Whitman,"2,515,996",20
Yakima,"11,038,340",10
,,
West Virginia,"72,340,446",--
Barbour,"407,784",38
Berkeley,"3,244,322",6
Boone,"616,646",32
Braxton,"297,292",42
Brooke,"1,095,839",17
Cabell,"4,541,909",3
Calhoun,"115,306",53
Clay,"113,664",54
Doddridge,"1,601,958",12
Fayette,"1,000,663",21
Gilmer,"185,995",50
Grant,"402,102",40
Greenbrier,"1,087,147",18
Hampshire,"311,765",41
Hancock,"1,271,713",15
Hardy,"402,682",39
Harrison,"4,427,736",4
Jackson,"947,980",22
Jefferson,"1,520,740",14
Kanawha,"9,828,259",1
Lewis,"636,962",30
Lincoln,"231,284",47
Logan,"1,258,694",16
McDowell,"580,812",34
Marion,"2,124,956",11
Marshall,"2,694,028",9
Mason,"717,766",26
Mercer,"1,575,913",13
Mineral,"753,406",24
Mingo,"648,246",29
Monongalia,"6,175,149",2
Monroe,"211,319",48
Morgan,"263,526",45
Nicholas,"593,661",33
Ohio,"3,628,922",5
Pendleton,"138,000",52
Pleasants,"466,958",37
Pocahontas,"248,977",46
Preston,"635,041",31
Putnam,"2,531,645",10
Raleigh,"2,843,740",8
Randolph,"819,432",23
Ritchie,"729,053",25
Roane,"283,560",43
Summers,"194,310",49
Taylor,"524,245",36
Tucker,"275,262",44
Tyler,"697,739",27
Upshur,"694,415",28
Wayne,"1,015,026",20
Webster,"155,261",51
Wetzel,"1,035,574",19
Wirt,"59,268",55
Wood,"3,193,334",7
Wyoming,"537,098",35
,,
Wisconsin,"308,044,657",--
Adams,"469,877",65
Ashland,"698,745",55
Barron,"2,074,086",30
Bayfield,"418,244",66
Brown,"17,284,030",4
Buffalo,"471,890",64
Burnett,"473,507",63
Calumet,"1,536,304",36
Chippewa,"2,632,026",26
Clark,"1,434,837",39
Columbia,"2,693,651",25
Crawford,"727,314",54
Dane,"40,913,972",2
Dodge,"3,434,703",24
Door,"1,219,263",42
Douglas,"2,085,881",29
Dunn,"1,683,573",33
Eau Claire,"5,978,317",14
Florence,"111,077",72
Fond du Lac,"4,903,922",16
Forest,"291,383",68
Grant,"2,168,531",28
Green,"1,654,351",34
Green Lake,"624,630",57
Iowa,"1,068,675",44
Iron,"171,183",70
Jackson,"855,422",48
Jefferson,"3,501,760",23
Juneau,"834,160",51
Kenosha,"6,397,601",12
Kewaunee,"853,881",50
La Crosse,"6,857,924",10
Lafayette,"617,172",58
Langlade,"732,921",53
Lincoln,"1,456,035",38
Manitowoc,"3,806,574",19
Marathon,"8,007,647",7
Marinette,"1,878,676",32
Marquette,"390,257",67
Menominee,"140,286",71
Milwaukee,"55,078,475",1
Monroe,"2,290,755",27
Oconto,"978,973",46
Oneida,"1,584,359",35
Outagamie,"11,639,250",5
Ozaukee,"4,980,154",15
Pepin,"258,624",69
Pierce,"1,139,709",43
Polk,"1,530,850",37
Portage,"3,957,049",18
Price,"570,007",60
Racine,"7,799,437",8
Richland,"793,005",52
Rock,"6,919,350",9
Rusk,"534,017",62
St. Croix,"3,633,692",22
Sauk,"3,654,734",21
Sawyer,"615,139",59
Shawano,"1,320,797",40
Sheboygan,"6,735,140",11
Taylor,"855,193",49
Trempealeau,"1,285,874",41
Vernon,"1,046,551",45
Vilas,"900,840",47
Walworth,"3,974,747",17
Washburn,"546,439",61
Washington,"6,096,248",13
Waukesha,"27,749,480",3
Waupaca,"2,010,867",31
Waushara,"634,673",56
Winnebago,"9,725,443",6
Wood,"3,708,760",20
,,
Wyoming,"39,213,967",--
Albany,"1,423,240",10
Big Horn,"514,045",17
Campbell,"6,108,414",1
Carbon,"1,444,166",9
Converse,"1,839,669",6
Crook,"296,837",21
Fremont,"1,697,672",7
Goshen,"549,166",16
Hot Springs,"271,137",22
Johnson,"423,624",18
Laramie,"5,272,539",3
Lincoln,"803,058",14
Natrona,"5,602,739",2
Niobrara,"146,076",23
Park,"1,373,292",11
Platte,"602,539",15
Sheridan,"1,250,913",12
Sublette,"1,662,822",8
Sweetwater,"3,861,073",4
Teton,"2,250,191",5
Uinta,"926,327",13
Washakie,"369,344",19
Weston,"325,913",20
"1. Virginia combination areas consist of one or two independent cities with populations of less than 100,000, combined with an adjacent county. The county name appears first, followed by the city name(s). Separate estimates for the jurisdictions making up the combination areas are not available.",,
Source. U.S. Bureau of Economic Analysis,,