County,Percent_Vacc
Pottawatomie County,37.4
Harrison County,32
Westmoreland County,44
Iron County,36.7
Hertford County,44.4
Tarrant County,52.8
Herkimer County,55.6
Kosciusko County,38.6
Washington County,56.5
Bremer County,56.9
Thomas County,39.3
Hunterdon County,66
Logan County,51.3
Butte County,43.4
Sheridan County,35.7
Anasco Municipio,71
Kingman County,44.9
Lowndes County,48
Indiana County,42
Winnebago County,57.4
Crittenden County,41.4
McNairy County,45.1
Stephenson County,56.6
Unknown County,0
Hopewell city,29.5
Pinellas County,61.5
Clay County,63.8
Clay County,43
Essex County,45
Lee County,21.3
Winchester city,41.9
Whatcom County,67.5
Attala County,50.2
Webster County,45.6
Motley County,26.9
Creek County,40.8
Unicoi County,51.5
Grant County,43.8
Hancock County,64.2
Morgan County,45.9
Caswell County,47.2
Price County,58.9
Morrow County,39.2
Limestone County,34.3
Shelby County,39.2
Menifee County,42.2
Jackson County,34.1
Roosevelt County,35.3
Madison County,51.3
Washington County,46.4
Ross County,47.5
Montgomery County,64.6
Paulding County,40.1
Johnson County,47.1
Freestone County,36.2
Jones County,47.7
Vega Baja Municipio,76.3
Lyman County,57.6
Shawnee County,57.4
Nuckolls County,47.1
Sublette County,32.5
Washakie County,39.9
Gwinnett County,33.2
Nantucket County,1.5
Macoupin County,51.8
Tolland County,63.4
Unknown County,0
Barceloneta Municipio,67.7
Harrison County,51.2
Warren County,46.6
Essex County,68.2
Ector County,39.6
Marion County,50.4
Fayette County,52.2
Cumberland County,34.8
Appomattox County,32.1
Highland County,58.9
Brevard County,60.6
Houston County,40.3
Washington County,50.1
Jefferson County,73.7
Anchorage Municipality,59.3
Habersham County,21.4
Unknown County,0
Hempstead County,36.6
Reeves County,47.3
Clarke County,54.1
Wyandot County,44.9
Young County,39.1
Sagadahoc County,75.2
Lake County,61.7
Carter County,41.1
Codington County,51.1
Bartow County,18.2
Pueblo County,52.8
Philadelphia County,61.2
Bulloch County,27.5
Towns County,16.6
Roosevelt County,62.3
Mercer County,37.3
Oconto County,50.2
Union County,42.6
Grays Harbor County,55.4
Oswego County,56.3
Brown County,52.8
Aransas County,53.8
Yakima County,57.3
Pike County,35.8
Putnam County,68.6
Barnstable County,5.7
Marion County,38.5
Eau Claire County,58.5
Lycoming County,46.6
Collingsworth County,30.9
Moody County,44.9
Comanche County,57.7
Dallas County,33.3
Baltimore County,66.6
Polk County,44.4
Decatur County,39.8
Lincoln County,77.2
Calhoun County,48.3
Deuel County,43.9
Genesee County,47.3
Vigo County,47.5
Montgomery County,43.4
Aroostook County,64.9
Lamb County,40
Dickenson County,44.3
Allegan County,48.8
Vilas County,62.9
Lewis County,33.8
Campbell County,27.5
Georgetown County,51.8
McCulloch County,36.4
Blount County,29.3
Randolph County,31.5
Morgan County,40.8
Liberty County,38.6
Kane County,47.2
Smyth County,45.8
Green County,40.8
Bronx County,66.1
Lyon County,38.9
Nye County,43.8
Albany County,51
Muskegon County,51.6
Beaver County,46.4
Haywood County,54.3
Brown County,62.6
Catano Municipio,66.9
Cape Girardeau County,45.7
Otero County,45.7
Juab County,34.1
Thurston County,62.3
Beadle County,45.9
Ramsey County,53.8
Washington County,46.3
Audrain County,35.7
Howard County,41.4
Orange County,73.4
Gaines County,20.5
Tuscaloosa County,40.9
Richland County,48.9
Andrews County,41.4
Cloud County,45.2
Wood County,40.7
Webb County,78.6
Brantley County,14
Douglas County,30.7
Stone County,36.1
Lincoln County,38.6
Canadian County,54
Ransom County,56.5
Unknown County,0
Dakota County,64.8
Hopkins County,48.4
DeKalb County,52.7
Wabash County,45.1
Cleburne County,41.3
Dillingham Census Area,47.1
Mercer County,51.6
Jackson County,50
Albany County,70.6
Coal County,37.7
Fentress County,32
Trimble County,40.9
Salinas Municipio,71.1
McDowell County,52.6
Coos County,63.1
Kidder County,31.5
Lincoln County,36.9
McIntosh County,36.4
Barnes County,55.3
Mercer County,33.1
Pickens County,45.9
Shelby County,33.7
Harrison County,48.1
Holmes County,17.2
Denver County,71.3
Warren County,39.8
Yuma County,62.9
Benton County,39.6
Steuben County,45.3
Vernon County,52.5
Franklin County,61.3
Rabun County,28.6
Smith County,42.8
Coles County,42.8
Mifflin County,45.6
Lancaster County,58.6
Scotland County,24.8
Madison County,56.7
Williams County,28.3
Lewis County,48.2
San Juan County,76.9
Sheboygan County,58
Raleigh County,53
Pawnee County,41.7
DeSoto County,49.7
Pulaski County,17.4
Kershaw County,53.9
Brown County,38.7
Ocean County,50.9
Wood County,65.5
Jackson County,43.6
Aiken County,44
Marion County,34.4
Merrick County,40.8
Jackson County,45.8
Cherokee County,50.6
McCone County,17.1
Throckmorton County,39.4
Tattnall County,16
Mono County,0
Knox County,34.4
Hardin County,53.4
Bonner County,38.9
Day County,61.3
Bergen County,71.9
Bartholomew County,55.9
Morgan County,39.5
Ohio County,47.9
Unknown County,0
Lampasas County,44.1
Hartley County,45.4
Logan County,63.4
Ward County,34.6
Logan County,32
Cass County,33.2
Lowndes County,28.2
Hardin County,38.4
Van Buren County,53.2
Wetzel County,46.2
Greenlee County,39.9
Martin County,52.3
Vanderburgh County,54.7
Clermont County,53.5
Vermilion County,42.7
Lincoln County,50.7
Unknown County,0
Hamilton County,49.5
Bristol County,60.8
Izard County,35.7
Alachua County,62.7
Union County,52.8
Garfield County,60.4
Wirt County,30.9
Putnam County,15.7
Gila County,54.8
Teton County,55.3
Clear Creek County,46.7
Niagara County,63
Charlotte County,37.4
Lynchburg city,30.4
Jackson Parish,39.1
Clay County,41.7
Rowan County,41.4
Wapello County,46.8
Unknown County,0
Hernando County,52
Arkansas County,52.6
Ada County,54.1
Logan County,36
Monroe County,53.2
McCracken County,52.4
Dickey County,50.7
Crawford County,44.6
Peach County,17
Wayne County,34.3
Carroll County,59.4
Sumter County,40.8
Ogemaw County,43
Franklin County,58
Wilbarger County,48.9
Luna County,67.1
Cook County,35.9
Kusilvak Census Area,64.2
Covington city,0
Winn Parish,42.4
Riverside County,53.8
Milam County,42.3
Jefferson County,48.1
Schoolcraft County,53.6
Berkeley County,56.7
Dubuque County,61.2
Lake County,56.8
Foard County,40.8
Polk County,39.8
Unknown County,0
Hancock County,72.8
Lavaca County,39.6
Yamhill County,59.9
Unknown County,0
Dallas County,53.7
Lewis County,32.4
Worth County,19.4
Iosco County,54.1
Independence County,38.2
Blair County,47.3
Fannin County,41.1
Brazoria County,54.1
Polk County,42.2
Chittenden County,69.2
Benzie County,63.9
Broward County,66.9
Mason County,56.5
Carter County,38.2
Mercer County,36.3
Nemaha County,47.1
Jefferson County,47.2
Red River County,39.1
Cape May County,69.6
Sherman County,55.3
Becker County,51.3
Lincoln Parish,40.2
Stokes County,43.7
Knox County,40.8
Chambers County,43.8
Haskell County,38.7
Litchfield County,71.9
Leon County,33.6
Osage County,32.8
Hamilton County,34.6
Laramie County,50.1
Tift County,22.6
Powell County,43.3
Dixon County,40.7
Neshoba County,37.8
Hubbard County,45.1
Unknown County,0
Yakutat City and Borough,73.4
Northwest Arctic Borough,54.9
Cavalier County,57.9
Tioga County,56.9
Walton County,24.8
Wyoming County,48.6
Madison County,57.4
Prince William County,67.2
Fulton County,33.4
Walla Walla County,60.4
Franklin County,60.3
Greenbrier County,68.9
Spink County,49.7
Dakota County,59.4
Faulkner County,45.8
Petersburg city,33.4
Choctaw County,61.8
Unknown County,0
Sargent County,56.2
Milwaukee County,59.3
Pittsylvania County,40.2
Randolph County,42.6
Petersburg Census Area,70.7
Elmore County,41.7
Cecil County,54.1
Twin Falls County,42.2
Stanton County,26.4
Pointe Coupee Parish,52.3
Cheatham County,47.7
Meeker County,44.7
Garden County,43.5
Marion County,39.5
Ida County,47
Adams County,46.7
Jasper County,17.8
Pulaski County,42.5
Marshall County,61.4
Caroline County,38.4
Union County,48.8
Northumberland County,53
Scott County,41.7
Cheyenne County,42.8
Lake and Peninsula Borough,56
Hudson County,70.6
West Baton Rouge Parish,50.6
Alcorn County,36.5
Toa Baja Municipio,71.4
Alleghany County,38.6
Aibonito Municipio,83.7
Gibson County,44.4
Williamsburg County,53.4
Stewart County,40.1
Mitchell County,46.5
Putnam County,31.7
Isabella County,42.1
Adair County,42.8
Rockdale County,21.1
Franklin County,41.7
Smith County,42.7
Trinity County,0
Waupaca County,51.2
Powell County,49.1
Valley County,43.9
Harrisonburg city,37.6
Cooke County,35.5
Benton County,71.4
Adams County,50.4
Kay County,39.8
Rockcastle County,37.4
Rockwall County,54.5
Clallam County,65.1
Crawford County,55.4
Hughes County,67.1
Magoffin County,48.2
Benton County,41.7
Erath County,35.4
Bath County,42.4
Southeast Fairbanks Census Area,31.7
Hancock County,39.1
Kings County,64.9
Lemhi County,42.4
Ford County,40.2
King George County,43.9
Anoka County,54.5
Grand Traverse County,64
Morehouse Parish,42.3
Clinton County,44.9
Ford County,53.4
Cassia County,33.6
New Hanover County,58.9
Berks County,52.9
Terrell County,51.3
Pike County,16.3
Saginaw County,49.8
Reagan County,37.6
Orange County,34.2
Kemper County,41.5
Quebradillas Municipio,77
Nowata County,40
Hooker County,40.5
Union County,34
Marion County,34.1
Coconino County,72.2
Okaloosa County,55.7
Hancock County,45.4
Carroll County,69.2
Rapides Parish,46.3
McDuffie County,20.8
Baker County,35.5
Jenkins County,24.2
Stevens County,34.6
Oconee County,30.2
Oregon County,29.5
Baxter County,44.8
Leflore County,57.9
Patillas Municipio,73.4
Lafourche Parish,42
Vega Alta Municipio,62.2
Washington County,52.6
Cambria County,51.5
Colorado County,48.4
Guam,60.3
Hillsdale County,36.2
Tioga County,41
Rockingham County,63.6
Polk County,60
Allen County,42.2
Bath County,50.1
Cabo Rojo Municipio,67.5
Keokuk County,44.4
Jo Daviess County,73.6
Manassas Park city,0
Orleans County,54.9
Towner County,45.4
Clinton County,67.9
Boyd County,46
Tunica County,47.2
Kandiyohi County,50.3
Trinity County,37.2
Renville County,51.7
Gloucester County,57.7
Whiteside County,54.5
Wilkinson County,24.3
Norton County,50.4
Sabine Parish,35.1
Somerset County,58.3
Jefferson County,34.7
Calcasieu Parish,39.5
Jefferson County,66.1
Finney County,42.1
Manassas city,46.9
Venango County,41.4
Madison County,54.1
Black Hawk County,56.9
Mills County,41.7
Jefferson County,51.1
Osceola County,39.9
Johnson County,42.7
Davis County,34.8
McCormick County,56.8
Fremont County,48.6
New Madrid County,31.6
Harris County,59.1
Juniata County,37.3
Guayama Municipio,66.3
Lac qui Parle County,55.8
Chatham County,45.7
Cayey Municipio,76.7
Atlantic County,61.3
Marinette County,50.2
Cumberland County,36.8
Schoharie County,54.3
Suffolk County,70.6
Cayuga County,55.9
Mason County,55.3
Pike County,54.9
El Dorado County,59.1
Yellow Medicine County,54.1
Uintah County,38.1
St. Charles Parish,53
Wright County,34.2
Custer County,36.3
Nome Census Area,65.4
Chicot County,51.7
Washington Parish,39.2
Marshall County,48.1
North Slope Borough,36.3
Cannon County,30
Thayer County,45.1
Calhoun County,24.4
Botetourt County,47.4
Chemung County,56.1
Calumet County,52.8
Cibola County,64.8
Bailey County,36
Starr County,69.1
Nelson County,68.3
Missaukee County,46.2
Clearwater County,39
Bradford County,39.5
Desha County,55.3
Lenawee County,49.8
Prince Edward County,30.5
Hamilton County,80.9
Butler County,32.2
Stanton County,47.7
Fayette County,52.8
Coffee County,37.2
Warren County,38.9
Gordon County,17.8
Unknown County,0
Fremont County,59.7
Westmoreland County,52.4
Atascosa County,46.8
Bradley County,39.3
Escambia County,34
Plymouth County,49.6
Lonoke County,44.6
Taylor County,37.8
McLean County,60.3
Pope County,31.5
Guadalupe County,51.1
Maries County,36.2
Boundary County,31.2
Colbert County,45.2
Dorchester County,54.6
Hardee County,39.6
Choctaw County,33.9
Lucas County,54.3
Bamberg County,47.9
Grimes County,48.3
Clinton County,51.3
Custer County,43
Rankin County,48.6
Queen Anne's County,62.3
Rice County,59.7
Hale County,57.3
Allen County,37.2
Bond County,51
Oldham County,54.3
Anderson County,37.4
Tangipahoa Parish,43.2
Crawford County,42.5
Skagit County,63
Shenandoah County,47
Dunn County,22.8
Craighead County,41.9
Roanoke County,48.4
Johnson County,35.2
Fayette County,59.6
Camden County,54.1
Calhoun County,33
Randolph County,48.3
Lake County,38
Cass County,55.8
Halifax County,49.6
Hocking County,45.5
Stillwater County,40.3
Highland County,35.5
Floyd County,54.7
Manistee County,57.2
Sharkey County,51.2
Concordia Parish,38.4
St. John Island,0
Mecklenburg County,41.2
Lafayette Parish,47
Jefferson Davis Parish,34.7
Hampton city,57.5
Hart County,28.3
Mississippi County,38
Coamo Municipio,66.2
Warren County,36
Schleicher County,41.1
Riley County,36.1
Fauquier County,56.5
King County,0
Bristol city,64.9
Franklin County,34.5
Los Alamos County,80.8
Brazos County,48.3
Rockingham County,41.9
McLeod County,54.4
Maunabo Municipio,68.7
Fairbanks North Star Borough,52.3
Unknown County,0
Chilton County,33.8
Glades County,31.9
Clay County,43
Lincoln County,41.6
Washington County,71.5
Lincoln County,37.5
Humboldt County,61.6
Baker County,33.7
Deaf Smith County,39.9
Knox County,37.5
Colusa County,54.8
Richland County,55.6
York County,55.2
Union County,46.8
Centre County,54.8
Caldwell County,37.1
Preble County,40.5
Mason County,48
Bertie County,47.9
Polk County,53.3
Perry County,49
Johnson County,51
Cass County,52.9
Red River Parish,34.3
Sauk County,59.6
Humboldt County,47.4
Archer County,45.3
McHenry County,62.5
Clinton County,44
Washtenaw County,67.3
Blaine County,70.1
Jasper County,44.8
Freeborn County,54.1
Washington County,30.8
Cotton County,46.7
Silver Bow County,58.8
Johnson County,55.3
Montgomery County,52.8
Merrimack County,65.4
Jefferson County,47.4
Hot Spring County,40.3
Lynn County,36.5
Spokane County,57.2
Sumner County,40.8
Norton city,0
Northampton County,45.1
Metcalfe County,37.9
Clay County,55.5
Dolores County,39.2
Portsmouth city,86.6
Kenedy County,51.5
Casey County,33.7
Pottawattamie County,53.5
Suffolk County,68.1
Sweet Grass County,38.7
Linn County,52.8
Jefferson County,45.8
Holmes County,54.3
Valley County,54.5
Luquillo Municipio,65
Clayton County,45.9
Jersey County,52.6
Jefferson Parish,61.2
Garza County,49.3
McKinley County,77.2
Frio County,54.5
Tipton County,43.1
Clackamas County,65
Douglas County,50.5
Montgomery County,39.9
Schuyler County,59.2
Brunswick County,47.9
Washington County,38.3
Franklin County,47.8
Warren County,73.1
Kewaunee County,49.3
Prowers County,40.1
Hopkins County,37
Hall County,44.7
Wagoner County,44.1
Cowlitz County,55.4
Alexandria city,58.8
King William County,49.3
Yadkin County,46.7
Wichita County,48.9
Middlesex County,60.3
Crawford County,45.4
Isle of Wight County,46.6
Yukon-Koyukuk Census Area,64.8
Santa Cruz County,95
Union County,46.6
Dougherty County,27.7
Warrick County,59.7
Steuben County,56.2
Rowan County,48.6
Barton County,31.8
Montgomery County,34.8
Haakon County,40
Floyd County,54.2
Prentiss County,40.4
Grundy County,58.9
Henrico County,53.2
Cuming County,49.6
Washburn County,60.5
Scott County,39.2
Modoc County,0
Granville County,58.1
Orange County,64.7
Clark County,52.5
Mesa County,46.6
Oklahoma County,60.2
St. Helena Parish,28.8
Franklin County,51.8
Monongalia County,39.4
Fleming County,48.5
Waldo County,67.2
Hall County,41
Montgomery County,46.5
Knott County,45.6
Cleburne County,29.7
Henderson County,55
Orangeburg County,51.7
McMinn County,37.7
Alger County,60.1
Upson County,37.8
Calhoun County,33.8
Ellsworth County,51.8
Moca Municipio,72.7
Nolan County,39.6
Grant County,65.2
Natchitoches Parish,40.2
Cherry County,32.3
Borden County,32
Van Buren County,40
Beauregard Parish,31.8
Turner County,23.9
Grand Forks County,55
Jackson County,42.2
Winona County,61.5
Polk County,39.2
San Miguel County,63.4
Logan County,40.2
Clinton County,45.2
Hampden County,60.9
Olmsted County,72.3
Burnet County,49.5
Columbia County,44.7
Russell County,43.4
Essex County,69.1
Chelan County,66.6
Putnam County,48.4
Linn County,43.5
Lee County,47.2
Ripley County,27.4
Clinton County,38.2
Traill County,51.8
Anson County,42.9
Schley County,20.9
Davison County,56.2
Henderson County,40.1
Imperial County,75.4
Lincoln County,32.7
Lincoln County,36.3
Kalamazoo County,57.7
Okfuskee County,43.8
Richland County,37.7
Unknown County,0
Ripley County,45.3
Adams County,31.5
Quitman County,13.3
Nevada County,60
Middlesex County,79
Clay County,54.4
Lake County,53.6
Wilson County,49.6
Gregory County,47.3
Irwin County,15.5
Nacogdoches County,42.7
Potter County,41.7
Summit County,81.9
Green Lake County,52.4
Fayette County,37.2
Powder River County,21.3
McCreary County,36.8
St. Clair County,36.6
Mississippi County,41.3
Macomb County,53.8
Ozark County,29.7
Albemarle County,62.3
Hidalgo County,64.7
Columbia County,39.8
Toa Alta Municipio,64.2
Galax city,0
Jefferson Davis County,41.5
Hood River County,79.5
St. Tammany Parish,53.6
Montgomery County,43
Union County,51.3
Pike County,39.9
Ventura County,66.4
Musselshell County,32.7
Emmet County,69.4
Fayette County,47.2
Assumption Parish,40.2
Grand Isle County,75.6
Pickett County,42
Clay County,47.5
Barbour County,36.1
Dyer County,37.5
Williamson County,51.8
Kiowa County,36.1
Perry County,58.5
Morgan County,44.3
Tazewell County,41.7
Limestone County,35
Adair County,47
Unknown County,0
Martin County,47.1
Park County,45
Pitt County,50.2
Bourbon County,34.7
Burke County,44.1
Menard County,53.9
Dubois County,54.4
Greene County,45.2
Butler County,54.8
Amherst County,44.8
Lincoln County,34
Williamson County,62.5
Westchester County,74.4
Dawes County,35.7
Rock Island County,56.9
York County,49.7
Augusta County,47.3
Issaquena County,34.6
Deschutes County,65.3
Cimarron County,29.9
Winnebago County,53.7
Jefferson County,54
Shelby County,54.5
Pike County,38.4
Liberty County,32.4
Russell County,40.9
Lawrence County,44.4
Taylor County,44.8
Alexander County,28.1
Hawaii County,0
Newton County,24.3
Rawlins County,40.2
Okmulgee County,40.3
Essex County,37.9
Mason County,50.6
Rensselaer County,66.5
Belknap County,58.8
Kingfisher County,44.9
Franklin County,60
Lincoln County,54.2
Lackawanna County,64.4
Mahoning County,53.4
Okeechobee County,43.9
Osceola County,43.4
Rock County,51.5
Haskell County,36.4
Pike County,50.7
Butte County,49.9
Calaveras County,59.7
Greeley County,38.1
Carroll County,38.6
Ashtabula County,49
Butler County,36.8
Berkeley County,44.7
Reno County,47.1
Warren County,54.1
Sheridan County,46.8
Nassau County,54.7
Delaware County,54.3
Sangamon County,61.5
Brown County,56.4
Unknown County,0
Monroe County,54.7
Pennington County,50.8
Brunswick County,58.3
Terrell County,29.9
Trigg County,44.5
Escambia County,51.4
Linn County,62.9
Chouteau County,30.2
Charlotte County,62.4
Newton County,19.7
Kiowa County,48.3
Rogers County,43.6
Morovis Municipio,65.9
Fajardo Municipio,72
McLean County,48.1
Platte County,38.7
Carver County,62.9
Keya Paha County,27.2
Beckham County,38.8
Coshocton County,36.7
Grayson County,39.3
San Saba County,34.6
Briscoe County,42.6
Juana Diaz Municipio,68.2
Marion County,45.5
Travis County,65.5
Pittsburg County,42.8
Uvalde County,50.2
Twiggs County,15.9
Mineral County,51.8
Peoria County,57.4
Perry County,38.5
Roberts County,32.7
Sullivan County,40.7
Navajo County,67.1
Steele County,44.7
Grant County,21.5
Gray County,44.9
Waseca County,53.8
Christian County,43.4
Roane County,29.1
Barranquitas Municipio,69.2
Livingston Parish,37.4
Miller County,24.4
Pulaski County,43.3
Campbell County,41.3
Knox County,38
Jefferson County,73.6
Grand County,63.1
Adams County,32.8
Worth County,38.4
Monroe County,52.2
Mahaska County,41.5
Hyde County,51.8
Banner County,29
Island County,62.5
Hudspeth County,60.5
Banks County,15.5
Sweetwater County,43.3
Custer County,41.5
Brooks County,57.5
Uinta County,45.5
Hansford County,40.3
Lee County,44.6
Phillips County,48.7
Des Moines County,48.5
Claiborne Parish,39.1
San Benito County,59.8
Prince of Wales-Hyder Census Area,51.6
Logan County,44.5
Canyon County,38.9
Fayette County,37.3
Walker County,44.5
Wasco County,62
Fayette County,62.3
Carroll County,45.5
Logan County,20.6
Washington County,48.1
Unknown County,0
Clark County,43.9
Gooding County,37.6
San Joaquin County,57.4
Catawba County,51.8
Hamilton County,43
DeKalb County,39
Cumberland County,59.6
Sanborn County,51.7
Poinsett County,42.1
Marion County,43
Orocovis Municipio,75.9
Clark County,35.3
Clayton County,23.1
Swisher County,38.1
Kane County,61.7
Val Verde County,61.8
Sullivan County,59.4
Staunton city,46.5
Erie County,56
Unknown County,0
Wrangell City and Borough,56.1
Bonneville County,44.3
LaPorte County,52.9
Johnson County,69.3
Greene County,38.7
Laurens County,36.3
Hickman County,35
Anne Arundel County,72.2
Sibley County,46
Walthall County,38.2
Grundy County,53.3
Colonial Heights city,36.1
Aguada Municipio,67.7
Sunflower County,49.5
Wilson County,50
Swain County,53
Greene County,46.5
Lee County,52.6
Greene County,40.5
Santa Isabel Municipio,65.8
Wheeler County,29.4
Gem County,35.8
Halifax County,41.5
Wood County,58
Presque Isle County,57.6
Murray County,42.6
Arecibo Municipio,95
Hickman County,40.2
Dawson County,31.7
Aguas Buenas Municipio,68.7
Juneau County,49.4
Carroll County,68.7
Muskogee County,47.7
Barnwell County,51.9
Caledonia County,34.4
Walworth County,50.5
Camp County,36.8
Martin County,60.7
Unknown County,0
Bracken County,44.5
Garrett County,47.6
Naranjito Municipio,75.4
Richardson County,48.3
Malheur County,44.4
Pecos County,53.5
Anderson County,52.9
Gillespie County,51.1
Columbia County,63.3
Rich County,46.9
St. Clair County,32.7
Deer Lodge County,55.5
De Witt County,49.7
Mitchell County,50.9
Spencer County,27.5
West Feliciana Parish,84.2
Audubon County,56.2
Okanogan County,64.7
Marion County,42.7
Panola County,35
Mobile County,46
Dukes County,3.8
Ringgold County,49.8
Pulaski County,42
Concho County,46.7
Adjuntas Municipio,68.9
Delta County,59.2
Branch County,42.3
Kent County,36.7
Franklin County,48.1
Windham County,59.9
Franklin County,41
Leelanau County,79.1
Harvey County,43.6
Garvin County,44
Ravalli County,46.6
Kanawha County,69
Arthur County,18.1
Robertson County,36.4
La Crosse County,64.9
Unknown County,0
San Juan Municipio,68.7
Washington County,44.6
Windham County,64.4
Caldwell County,51.2
McCurtain County,33.5
Pearl River County,44.4
Jackson County,48.4
Callaway County,44.4
Childress County,43.9
Calhoun County,44.2
Jefferson County,40.9
Bullock County,46.7
Wright County,54.4
Morgan County,35.4
Lake of the Woods County,52.7
Passaic County,64
Blue Earth County,57.2
Unknown County,0
Marshall County,40
Villalba Municipio,84.5
Butler County,53
Warren County,43.1
Custer County,48.1
Marion County,42.3
Weber County,55
San Juan County,67.5
Smith County,31.8
Hendry County,45.1
Norfolk County,74
Pontotoc County,48.3
Muscatine County,57.3
Marshall County,60.7
Cherokee County,29.8
Coryell County,44.5
Gasconade County,49.2
Unknown County,0
Josephine County,48.2
Screven County,37.4
Lincoln County,33.4
Aleutians East Borough,70.9
Unknown County,0
Hillsborough County,60
Brooks County,32.5
Mecklenburg County,58.3
Buena Vista city,0
Stephens County,44.5
Bee County,46.8
Perry County,46.2
Union County,37.3
Greene County,37.9
Columbiana County,46.3
Calhoun County,43.2
Texas County,30.9
St. Lucie County,54.8
St. Louis city,54.1
Lauderdale County,43.4
Phillips County,46.2
Lake County,62.5
Sioux County,39.6
Franklin County,46.1
Jeff Davis County,12.8
Live Oak County,40
Goliad County,40.2
Davie County,53.2
Humphreys County,54.1
Switzerland County,29.3
Ponce Municipio,79
Dunn County,46.1
Santa Cruz County,73.1
Fulton County,51
Bibb County,26.7
Lexington County,51.2
Rutherford County,39.2
St. Mary's County,63.8
Fall River County,58.9
Hamilton County,59.6
Broomfield County,76.4
Wilkin County,51.9
Lafayette County,37.7
Walker County,25.8
Franklin city,0
Morgan County,48.3
Lamar County,40.9
Madison County,47.8
Wayne County,57.4
Lumpkin County,13.1
Washington County,56.6
Jasper County,44.3
San Mateo County,77.7
Martin County,29.5
Socorro County,63.4
Rockingham County,47
Benson County,48.4
Clare County,44.2
Jeff Davis County,51.4
Jefferson County,42.4
Palo Alto County,48.1
Chase County,42.7
Quay County,46.1
Charles City County,46.8
Cidra Municipio,71.8
Dallas County,56
Wise County,36.5
Florence County,53.2
Harrison County,37.5
Sharp County,36.7
Floyd County,50.5
Maricopa County,52.7
Richland County,44.3
Bleckley County,13.6
Washington County,47.8
Cameron County,53.1
Atchison County,53.2
Roseau County,48.8
Chatham County,54.7
Potter County,57.6
Snohomish County,65.6
Chester County,61.8
Sarpy County,60.1
Buchanan County,51
Marion County,39.5
Clark County,45.5
Lassen County,35.6
Isanti County,40
St. Francis County,46.9
Pike County,52
Early County,23.2
Mineral County,53.8
Sevier County,47.5
Dawson County,14.9
Sarasota County,66.8
St. Joseph County,55.3
San Bernardino County,52.3
Umatilla County,51.8
Chowan County,51.7
Iowa County,65.9
Antelope County,35.3
Jackson County,55.2
Sullivan County,53.3
Fulton County,38
Pickens County,17.2
Henry County,50.4
Colquitt County,22.4
Moore County,54
Montague County,33.1
Dawson County,36.1
Reynolds County,24.9
Toole County,43.8
Jackson County,26.4
Franklin County,64.1
Mayaguez Municipio,73.8
Wayne County,39
Huntingdon County,47.5
Harper County,44.7
Carteret County,54.3
Kent County,50.9
Guthrie County,55.8
Wayne County,42.8
Osborne County,40.3
Carroll County,32
Cattaraugus County,52.6
Floyd County,42.4
Orange County,61.8
Union County,39
Fredericksburg city,38.3
Merced County,47.6
Polk County,63.2
Adams County,63
Wilcox County,16.2
Pike County,46.6
Stark County,51.1
Henry County,44.4
Canovanas Municipio,71.2
Forsyth County,57.6
Suwannee County,36.1
Martin County,49.3
Chaves County,41.6
Benton County,47.7
Marion County,52
Giles County,36.6
Saratoga County,75.1
Moniteau County,34.3
Franklin County,44.9
Crow Wing County,53.7
District of Columbia,63.4
De Baca County,48.1
Guilford County,57.2
Clark County,28.7
Hancock County,60.2
Wahkiakum County,47.2
Washington County,51.3
Lamoille County,58.6
Cooper County,41.1
Camden County,42.6
Grant County,39.8
Grundy County,28.9
Berkshire County,54.7
Leon County,53.6
Mercer County,49
Alfalfa County,43.3
Cobb County,41.3
Gunnison County,66.3
Yabucoa Municipio,70.4
Ralls County,26.9
Rutherford County,50.2
Crittenden County,39.1
Tillman County,46.5
LaSalle County,54.9
Hamblen County,40.2
Durham County,66
Catoosa County,21.1
Howell County,31.3
Aguadilla Municipio,74.6
Humboldt County,38.9
Neosho County,25.5
Pulaski County,57.1
Frederick County,71.3
Ashland County,40.8
Adair County,36.5
Ascension Parish,47.5
Cross County,48.7
Pacific County,52.6
McMullen County,43.1
Northumberland County,52.6
Allamakee County,50.3
Louisa County,49.6
Sumter County,77.5
Wood County,58.6
Crockett County,45.4
Claiborne County,50.8
Alexander County,42.6
Hardy County,55.1
Roger Mills County,34.4
Walker County,45.3
Union County,38.7
Marion County,59.1
Brown County,60.6
Crawford County,31.1
Elko County,38.9
Poweshiek County,56
Wyoming County,55.2
Noble County,36.7
Teton County,88
Cleveland County,49.3
Greene County,35.3
Butte County,37.3
Essex County,65.6
Butler County,47.8
White County,13.6
Stanislaus County,55
Henry County,23.3
Marshall County,42.4
McIntosh County,41.8
Cumberland County,46.7
Marshall County,49.7
Unknown County,0
Yoakum County,37.8
Chester County,42.9
Miami County,44.8
Bristol County,74.5
Pend Oreille County,37.9
Woodward County,35.9
Inyo County,0
Slope County,10.4
Kent County,63.9
Dimmit County,61.9
Comanche County,43.1
Bowman County,37.6
Hendricks County,67.9
Randolph County,35.4
Williamsburg city,39.1
Grant County,52.2
Delaware County,35.6
Chester County,33.6
Roberts County,65.7
East Feliciana Parish,37.8
Clearwater County,39.9
Frederick County,46.2
Piute County,37.1
Scott County,45.2
Parke County,37.8
Unknown County,0
Cascade County,50.7
Washington County,55.3
Ottawa County,54
Franklin County,16.6
East Carroll Parish,41.9
Asotin County,39.2
Edgar County,44.9
Rincon Municipio,69.8
Posey County,45.3
Allendale County,54.5
Unknown County,0
Rock County,64.9
Carlton County,60.7
Scott County,46.8
Delta County,33.4
Allegheny County,61.2
Unknown County,0
Carter County,29.2
Muscogee County,34.4
Barton County,40.3
Berrien County,19.5
Ward County,45.2
Manitowoc County,57
Collier County,66.6
Donley County,32.3
Licking County,51.6
Dawson County,44.7
Otoe County,52.5
Tulsa County,57.4
Corozal Municipio,72.9
Eddy County,43.3
Whitfield County,24.4
Wells County,39.6
Heard County,15.1
Dodge County,56.8
Beaver County,29.2
Boone County,66.9
Morris County,73.1
Osage County,37.9
Northampton County,67.3
Glascock County,15.9
Jones County,40.2
Washington County,43.5
Perry County,45.3
Webster County,36.5
Brookings County,48.4
Hancock County,16.6
Clay County,39.4
Macon County,49.8
Campbell County,39
Franklin County,38.6
Union County,17.7
Kinney County,46.9
Costilla County,57.4
Cedar County,30.6
Caddo Parish,45.2
Iowa County,60
Idaho County,27.9
Coweta County,29.8
Miami County,39.5
Pamlico County,52.5
Gogebic County,63.1
New Kent County,49.4
Dunklin County,34.9
Graham County,47
Decatur County,36
Hamilton County,53.8
Madison Parish,40.9
Toombs County,22.8
McPherson County,52.8
Dillon County,42.2
Douglas County,57.9
Jackson County,44.1
Morris County,53.1
Yuba County,47.4
Hancock County,55.8
Haralson County,16.5
Latimer County,32.3
Gaston County,47.3
Pratt County,46.1
Gates County,48.5
Adams County,54.6
Henry County,42.3
Harding County,56.6
Winkler County,36.2
Howard County,78.8
Kingsbury County,63.2
Randolph County,21.6
Santa Clara County,80.3
Massac County,37.4
Bledsoe County,33.6
Unknown County,0
Pipestone County,51.5
Hall County,31.6
Emanuel County,30.7
Kenton County,56.6
Morgan County,26
Boone County,46.7
Pocahontas County,50.2
Maui County,0
Comerio Municipio,64.3
Chickasaw County,51.7
Putnam County,39.3
Moore County,41.8
Nueces County,53.9
St. Clair County,58.5
Arroyo Municipio,68.2
Belmont County,45.9
Pine County,46.1
Winston County,45.2
Weakley County,35.9
Gilchrist County,34.7
Pawnee County,46.5
Taney County,38.6
Hunt County,40.1
Meade County,35.3
Wayne County,38.9
Logan County,48
Maricao Municipio,63.7
Mayes County,40.5
Erie County,65.5
Charleston County,61.1
Bingham County,40.9
Alamosa County,52.7
Shawano County,50.4
Linn County,33.5
Chambers County,29.2
Jasper County,39.9
Monroe County,44.8
Spalding County,18.4
Caguas Municipio,75.3
Unknown County,0
Onondaga County,69.5
Carroll County,43.5
Brooke County,52.6
Sabine County,35.3
Antrim County,55.5
Falls Church city,54.7
Atchison County,42.7
Scott County,64.7
Wilkes County,44.2
Tompkins County,76
Winnebago County,50
Coffee County,29.3
Summit County,80.2
Douglas County,23.1
Houston County,39.2
Clarendon County,44.1
Big Stone County,60
Orange County,41.5
Polk County,17.6
Platte County,43.4
Otsego County,52.6
Perquimans County,44.7
Johnson County,17.9
Loup County,28.8
Harlan County,38.6
Hitchcock County,31.8
Hill County,63.5
Hutchinson County,51.2
Osceola County,67.5
Johnson County,40
Tuscarawas County,41.8
Page County,36.5
Yavapai County,43.8
Hamilton County,33.8
Sutter County,54.9
Liberty County,43.8
Itasca County,53.8
Livingston County,56.5
Wallowa County,56.8
Greene County,59.2
San Juan County,57.6
Benton County,49.3
Forest County,68.5
McCook County,52.8
Box Elder County,47.2
Dickinson County,55.2
Oneida County,39
Haines Borough,66.2
Marion County,47.1
Benton County,39.7
Tama County,59
Unknown County,0
Ellis County,33.2
Guayanilla Municipio,74.8
Pottawatomie County,45.1
Union County,58.3
San Francisco County,79.1
Hamilton County,37.9
Putnam County,54.1
Miner County,51.2
Norman County,57.4
Bent County,24.9
Grand County,60.2
Bethel Census Area,63.2
Sherburne County,42.4
Bosque County,43.3
Lewis County,36.1
Cherokee County,32.3
Johnson County,38.4
Nottoway County,42.3
Clay County,27.7
Minnehaha County,61.5
Arenac County,49
Webster County,21
Greene County,47.3
Sherman County,41.4
Lipscomb County,32.7
Kenai Peninsula Borough,43.7
Mingo County,43.1
Stone County,42.9
Chippewa County,66.1
Bayfield County,77.8
Caddo County,59.4
Tensas Parish,58.9
Bryan County,39.6
Franklin County,42.4
Rush County,47.9
Lane County,39.7
Meriwether County,26.1
Lincoln County,50.7
Randolph County,41.2
Jefferson County,51.8
Esmeralda County,39.6
Henry County,50.9
Cherokee County,36.4
Crawford County,42.9
Conecuh County,39.7
Unknown County,0
Talladega County,34.4
Benton County,45.1
Ste. Genevieve County,43
Jim Wells County,50.7
Danville city,0
Phelps County,41.2
Duplin County,39.5
Ritchie County,50.2
Scioto County,46.7
Carbon County,45.2
Jackson County,46.8
Sierra County,0
Grant County,53
Wabasha County,69.3
Gove County,45.8
Northampton County,58.4
Fayette County,33.3
Hoonah-Angoon Census Area,69.3
Henry County,51
Candler County,21.5
Pembina County,52.6
Conejos County,45.3
Calhoun County,34.7
Pope County,53.6
Montgomery County,43.4
Lee County,48
Red Willow County,34.9
Murray County,18
Bennington County,40.9
Grayson County,47.9
Cabarrus County,51.9
Lyon County,54
Morgan County,50.9
Richmond County,67.5
Clay County,51.1
Lake County,63.9
Walworth County,44.7
Wayne County,32.5
Highlands County,49.2
Wilkes County,19.9
Seneca County,45.9
St. Lawrence County,57.6
Clay County,36.5
Dale County,50.5
St. Mary Parish,42.4
Montgomery County,44.5
Putnam County,50.5
Perkins County,31
Whitley County,41.7
Greene County,41.4
Millard County,41.3
Madison County,52.4
Cherokee County,43.7
Delaware County,70.4
Clinch County,31.9
Lake County,47.2
Kittitas County,51.1
Moore County,20.9
Martinsville city,0
Las Piedras Municipio,67.1
Kern County,48
Douglas County,54.2
Cochise County,58.5
Adams County,39.4
Jessamine County,50.5
Mitchell County,46.8
Sumter County,47.3
Clark County,60.3
Meagher County,48.4
Minidoka County,35.5
Jones County,26.3
Page County,50.3
Lawrence County,45.3
Boone County,60.7
Randolph County,62.6
Graham County,57.7
Lawrence County,35.9
Scott County,56.6
Florida Municipio,79.2
Scott County,53.4
Washington County,54.6
Palo Pinto County,35.1
Glynn County,46.4
Randall County,43.3
Sullivan County,47.1
Keweenaw County,56.2
Oglala Lakota County,66.1
Grady County,35.4
Zapata County,56.9
Rio Grande County,58.7
Robeson County,39
Evangeline Parish,35.9
Putnam County,40.5
LaGrange County,21.8
Newport News city,50.4
Dewey County,24.3
Steele County,57.2
Sheridan County,48
Dinwiddie County,45.1
Shelby County,45
Howard County,35.9
Payne County,45.7
Unknown County,0
Clay County,41.5
La Salle County,59.1
Bienville Parish,45.1
Tripp County,42.6
Unknown County,0
Franklin County,34.4
Newton County,29.9
Conway County,50.8
Cook County,77
St. Martin Parish,37.9
Johnston County,39.2
Castro County,39.4
Brown County,38.3
Lawrence County,49.3
Perry County,38.4
Howard County,44.8
Monroe County,43.9
Unknown County,0
Citrus County,54
Polk County,48.1
McDonough County,46.5
Richmond city,41.6
Shasta County,46.6
Goochland County,63.4
San Diego County,55.8
Gilmer County,15.8
Hamilton County,58.7
Accomack County,67.7
Missoula County,61.9
Fergus County,44.7
Box Butte County,31
Craven County,57.1
Providence County,65.8
Barber County,44.5
Henry County,56.3
Woodford County,51.9
Chattahoochee County,95
Chisago County,53.8
Volusia County,56.6
White County,51.7
Cochran County,50
Hinds County,54
Lafayette County,56.8
Austin County,44.5
Grant County,44
Kearny County,49.9
Sioux County,23.3
Caldwell County,48.6
Summit County,59.1
Butler County,59.4
Richland County,41.2
Tuolumne County,56.5
Unknown County,0
Robertson County,49
Marshall County,35.8
Mason County,57.4
Franklin County,38.1
Bell County,55.4
Washington County,29.8
Mercer County,65.2
Waushara County,42.4
Platte County,53
Columbia County,28.1
Jefferson County,52.7
DeWitt County,42.8
Blaine County,78.6
Jackson County,50.8
Colfax County,42.7
Lee County,31.2
Cache County,52.6
Rock County,34.5
Crawford County,46.1
Greene County,45.9
Gilmer County,69.9
Van Buren County,55.2
Wilson County,49.3
Divide County,39.2
Calhoun County,41.3
Kendall County,58.1
Gregg County,42.2
Del Norte County,39.6
Stoddard County,37.7
La Plata County,67.7
Worth County,49.3
Kanabec County,39.8
Sheridan County,30
Curry County,52.9
Beaverhead County,52
Chautauqua County,38.8
Gallatin County,56
Middlesex County,67.4
Wheeler County,53.2
San Lorenzo Municipio,71.5
Ziebach County,28.1
Kerr County,48
Dent County,29.8
Ware County,24.8
Dickson County,45.5
Oakland County,62.7
Rosebud County,79.1
Tishomingo County,36.7
Kossuth County,49.7
Dixie County,32.7
Charlevoix County,61.5
Macon County,29.8
Boone County,57.7
Ohio County,37.4
Worcester County,67.4
Claiborne County,41.8
DeKalb County,34.9
Crook County,48.2
Fairfield County,51
Wallace County,35.8
Davidson County,44.5
Ochiltree County,36.7
Kent County,57.2
San Jacinto County,32.3
Meigs County,44.3
Dorchester County,49.8
Trousdale County,34.7
Grant County,45.7
Vermillion County,44.5
St. Louis County,63.5
Sebastian County,46.1
Gibson County,42.6
Clark County,51.1
Maury County,60.7
Trumbull County,51.8
Vermilion Parish,35.6
Lawrence County,52.3
Boyle County,53.9
Grant County,45.8
Beaufort County,51.8
Pocahontas County,58.5
Gosper County,37.3
Owyhee County,30.4
Madison County,51.5
Greenup County,49.6
Colleton County,45
Sutton County,41.2
Crawford County,19.7
Jasper County,34
Hays County,57.7
East Baton Rouge Parish,52.4
Yancey County,48.5
Seward County,42.2
Custer County,45.5
Midland County,40.4
Power County,43.3
Sussex County,58.9
Midland County,55.8
Saline County,48.4
Montgomery County,49.2
Hinsdale County,60.7
Lincoln County,45.7
Newport County,74.5
Talbot County,69.2
Jefferson County,44.7
Saluda County,28.7
Pettis County,40.1
Darke County,37
Wayne County,38.9
Mitchell County,34.1
Lares Municipio,86.7
Barron County,50.7
San Patricio County,52
Foster County,52.9
Newton County,23.9
Weld County,56.3
Todd County,39.5
Mills County,50.9
Lamar County,15.6
Tuscola County,43.7
Bollinger County,30.9
Las Marias Municipio,81.5
Burlington County,69.7
Jackson County,32.1
Weston County,33.9
Pierce County,35.5
Madison County,60
Gallatin County,38.9
Delaware County,67.4
White County,40.5
Rusk County,38.7
Dallam County,40.7
Humacao Municipio,74.8
Niobrara County,29.3
Montmorency County,52.3
Saline County,47.2
McDonald County,30.3
Buckingham County,38.2
Murray County,51.8
Clark County,35.2
Cass County,40.6
Grant County,43.9
Johnston County,48.6
Polk County,54.7
Washington County,65.6
Plaquemines Parish,58
San Augustine County,38.1
Kenosha County,55.2
Payette County,28.8
Franklin Parish,34.7
Le Sueur County,45.3
Vieques Municipio,74.1
Kent County,74.2
Bourbon County,53.2
Sedgwick County,49.2
West Carroll Parish,38.8
Bernalillo County,65.4
Mercer County,65.4
Anderson County,38.1
Buchanan County,45.5
Taliaferro County,24.3
DeKalb County,40.4
Guadalupe County,66
Baraga County,57.4
Oconee County,42.8
Otter Tail County,47.9
Keith County,34.9
McKean County,38.2
Bay County,48.5
Monterey County,64.2
Blaine County,24.5
Upshur County,32
Routt County,72
Fallon County,31.8
Lancaster County,42.5
Schuyler County,48.5
Campbell County,63.6
Yazoo County,45.7
Marion County,46.1
Sanpete County,37.5
Kiowa County,48.7
Elliott County,33.7
Cherokee County,42.9
Buncombe County,62.6
Calhoun County,48.9
Lancaster County,62.9
Pike County,41.3
Clark County,48.6
Owsley County,44.4
Meigs County,65.3
Rusk County,35.6
Shelby County,33
Hennepin County,69.6
Taos County,78
Talbot County,31.6
Baltimore city,59.3
Miami-Dade County,79.5
Stevens County,54.3
Waynesboro city,42.6
Swift County,54.5
Newberry County,49.6
Jefferson County,57.3
Anderson County,40.5
Chase County,31
DeKalb County,31.6
Sandoval County,67
Mitchell County,24.1
St. Croix Island,0
Simpson County,42
Copiah County,50.1
Lawrence County,51.8
Ellis County,49.9
Pendleton County,75.9
Sevier County,42.3
Mille Lacs County,53.9
Crook County,27.8
Ottawa County,58.4
Adams County,49.6
Guaynabo Municipio,84.6
Napa County,71.5
Shelby County,34
Jack County,37.9
Lea County,40.4
Phillips County,42.1
Harlan County,43.8
Burleson County,46.1
Brown County,49.3
Menominee County,75.9
Kennebec County,67.4
Lebanon County,49.5
Hockley County,39.7
Custer County,45.5
Bryan County,35.3
Baldwin County,17
Ballard County,35.6
Alpena County,52.8
Bureau County,53.9
Alleghany County,55.7
Caroline County,53.5
Grant County,39.7
Walsh County,54.9
Fluvanna County,59.6
McClain County,45.3
Hardeman County,44.2
Atoka County,33.3
Paulding County,21.7
Lake County,72.3
Sabana Grande Municipio,77.4
Wasatch County,55.2
Tooele County,53.4
Wayne County,50.2
Suffolk city,48.3
Johnson County,69.2
Edmonson County,32.8
Buena Vista County,63.4
Bay County,54.2
Greenville County,51.1
Brewster County,55.9
Titus County,35.4
San Sebastian Municipio,81.9
Currituck County,52
Grainger County,46.9
Knox County,57
Laurel County,38.3
La Paz County,45.3
Franklin County,35.5
Culebra Municipio,95
Montezuma County,58.5
Covington County,47.2
Walton County,45.6
Clatsop County,62.7
Kendall County,62.7
Spartanburg County,41.2
Randolph County,37.9
Barrow County,21.4
Sac County,50.2
McHenry County,39.8
Geneva County,36.2
Calhoun County,36.7
Tyrrell County,46.2
Stevens County,37.1
Wharton County,45.9
Rappahannock County,50.4
Stone County,34.6
Columbus County,41.5
Jackson County,50.3
New Haven County,72.5
Lake County,52.6
Wright County,51
Oceana County,51.3
Henderson County,39.3
Lauderdale County,47.6
Rush County,44.6
Boulder County,74.3
Cleveland County,46.6
Santa Rosa County,47.6
Lake County,55.2
Miller County,28.7
Buffalo County,38.6
Strafford County,59.5
Amador County,52.1
McLennan County,48.1
Jackson County,59.7
Craig County,32.4
Lawrence County,46.8
Medina County,52
Southampton County,35.8
Clarke County,25.7
Kitsap County,62.3
Guernsey County,42
Rice County,41.2
Washington County,74.5
Hale County,39.3
Hatillo Municipio,64.6
Gadsden County,54.7
Henry County,43.2
Wells County,42
Lincoln County,55.7
Cass County,56.2
Clinton County,53.8
Geauga County,58.1
Hancock County,31.1
Sedgwick County,48.7
Buffalo County,54.7
Franklin County,50.8
Schuylkill County,54.1
Golden Valley County,42.8
Richmond County,39.8
Marion County,53.9
Fulton County,32.3
Greene County,55.5
Cumberland County,41.6
Grant County,40.5
Sumner County,45.1
Elk County,31.9
Bear Lake County,41.3
Livingston County,46.6
Wilcox County,49.4
Tazewell County,56
New Castle County,63.2
Yolo County,64.9
Frontier County,25.7
Warren County,60.1
Thurston County,63.2
Wayne County,46.4
Harper County,42.3
Washington County,62.4
Fillmore County,65
Holt County,39.8
Somerset County,46.5
Newton County,49.5
Bayamon Municipio,82.6
Clay County,60.7
Bacon County,14.3
Garland County,42.8
Lafayette County,52.1
Golden Valley County,28.5
Monona County,51.7
Noble County,58.2
Hanson County,39.6
Stearns County,54.8
Saunders County,48.9
Grant Parish,39.8
Columbia County,57.3
Clark County,47.5
Greene County,62.1
Nelson County,54.4
Mahnomen County,56.1
Chippewa County,49.7
Denali Borough,49.7
Daviess County,30.6
Caldwell County,44.6
Marshall County,51.1
Starke County,34.7
Dundy County,33.8
Green County,60.6
Juneau City and Borough,69.6
Susquehanna County,43
Champaign County,60.2
Guanica Municipio,65.9
Washita County,37
Bradley County,53.3
Onslow County,55.8
Cass County,42.7
Huron County,51.7
Hood County,45.3
Radford city,34.6
Gage County,41.1
Bowie County,36.3
Jefferson County,58.3
Scott County,44.6
Jefferson County,35.3
Harding County,18
Sully County,42.5
Montgomery County,48.4
Washington County,17
Decatur County,38.4
Howard County,51.4
Troup County,23.1
Geary County,61.9
Hoke County,31.1
Piatt County,56.8
Brule County,50.7
Marquette County,50.6
Ness County,49.7
Cumberland County,82.6
Gulf County,48.9
Henderson County,36.7
Livingston County,48
Lamar County,55.7
Rio Arriba County,73.1
Arlington County,70.6
Love County,39.6
Woodruff County,53.8
Lyon County,53.5
Choctaw County,33.2
Coos County,54.6
Pasco County,55.1
Appling County,15.9
Jackson County,51.3
Washington County,29.1
Moultrie County,40.7
Outagamie County,60.2
Montgomery County,62.7
Scotland County,43.9
Columbia County,56.8
Greensville County,34.7
Jackson County,36
Monroe County,41.8
Yellowstone County,48.8
Richland County,57.7
Marlboro County,40.4
Williamson County,63.4
Washington County,40.6
Noxubee County,52.2
Rains County,34.8
Wake County,67.6
Shelby County,51.1
Pepin County,47
Patrick County,38
Nemaha County,50.6
Goodhue County,62.7
Fairfax County,73.1
Loiza Municipio,52
Stewart County,20.4
Sullivan County,56.5
Madison County,42.8
Harrison County,48.9
Kauai County,0
Prince George's County,67.1
Marshall County,42
Osage County,47.9
Nodaway County,45.9
Llano County,48.6
Douglas County,48.9
Doddridge County,40
San Luis Obispo County,56.3
Vance County,52.5
Ben Hill County,15.4
Iberville Parish,51.8
Todd County,39.8
Jones County,41.3
Lee County,41
St. Landry Parish,38.6
Garfield County,46.9
Fayette County,40.8
Pike County,39
Woodford County,62.7
Jasper County,55.6
Story County,60.1
Brown County,34.5
Russell County,44.8
Carbon County,41.9
Nobles County,57.6
Lenoir County,50.8
Wilkinson County,60.6
Carbon County,54.6
Knox County,46.3
Bedford County,42.7
Cowley County,44.7
Texas County,40.9
Natrona County,41.4
Nance County,27.5
Lyon County,38.7
Washington County,54.3
Wayne County,58.9
Torrance County,45
Skamania County,36.6
Unknown County,0
Cottonwood County,52.7
Alamance County,54.7
Unknown County,0
Charles Mix County,50.2
Pickens County,43.9
Etowah County,38.6
Huerfano County,51
Lincoln County,36.7
Hampshire County,47.1
Navarro County,42
Lamar County,37.2
Nassau County,75.4
Clark County,45.9
Tucker County,70.2
Ellis County,46.7
Leslie County,49
Kleberg County,57.6
Roscommon County,53.9
Baker County,68.3
Wyandotte County,51.6
McPherson County,13.4
St. John the Baptist Parish,55.3
Galveston County,56.5
Lubbock County,45.5
Perry County,37.7
Breckinridge County,40.7
Elbert County,21.2
Lunenburg County,46.7
Oneida County,62.4
Bannock County,44.2
Rutland County,65.9
Madison County,43.3
Rio Grande Municipio,66.1
Miller County,31.3
Itawamba County,32.9
Chaffee County,61.5
Wayne County,47.9
Ouachita Parish,42.1
Rockland County,59.3
Elbert County,35.2
Ray County,37.8
Genesee County,56.7
Ontonagon County,66.9
Lincoln County,39.2
Putnam County,45.8
Tipton County,37.6
Seminole County,19.6
Burnett County,53.5
Churchill County,45.8
Willacy County,59.3
Lawrence County,48
Dewey County,64.1
Fort Bend County,66.3
Dade County,23.9
Portage County,58.6
Howard County,40.3
Lewis County,64.5
Webster County,61.2
Ozaukee County,67.8
Saline County,47.2
New London County,74.4
Seminole County,58.4
Hardin County,37.6
Morrow County,51.5
Bladen County,46.1
Griggs County,45.2
Terry County,39.9
Trujillo Alto Municipio,46.5
Victoria County,46
Isabela Municipio,68.9
Lowndes County,44.9
Turner County,50.1
Dodge County,48.6
Dickens County,31.7
Dickinson County,50.1
Garrard County,45.2
George County,38.1
Lee County,55.7
Montgomery County,52.4
Miami County,45
Sussex County,34.3
Martin County,52.9
DeKalb County,26.7
Larue County,41.2
Mellette County,31.1
Unknown County,0
Gonzales County,46.6
Barry County,41.7
Lincoln County,52.4
Unknown County,0
Lauderdale County,35.4
El Paso County,72.5
Logan County,35.8
Saline County,44.2
Lander County,37.3
Stanley County,55.2
Baca County,38.1
Carroll County,44
Wayne County,52.1
Luce County,42.6
Crockett County,43.7
Muhlenberg County,48.4
Madison County,37.7
Todd County,53.2
Utuado Municipio,68.1
Horry County,53.5
Monroe County,57.6
El Paso County,58.5
Allen County,49.5
Mower County,58.2
Loudoun County,67.3
Lajas Municipio,72.3
Union County,52.8
Roanoke city,40
Henry County,49.5
Pima County,63
Pulaski County,54.1
Jewell County,44.4
St. Johns County,66
Daviess County,31.5
Sevier County,40.6
Douglas County,61.4
Deuel County,32.3
Chenango County,57.5
Summers County,56.5
Franklin County,46.1
Monroe County,57
Washington County,47.9
Warren County,19.5
Buchanan County,36.2
Larimer County,64.2
Thomas County,24
Ouachita County,51.5
Elmore County,40.2
Fayette County,51.9
Kimball County,33.3
Cullman County,36.1
Seminole County,49
Logan County,44.5
Racine County,56.3
Mecosta County,39.5
Teton County,39.8
Fulton County,49.9
Benton County,55
Iron County,41.8
Santa Fe County,76.1
Baylor County,39
Spotsylvania County,43
Bates County,36.8
Knox County,79.6
Haywood County,48.5
Scurry County,44.4
Moffat County,40.8
Kings County,42
Bibb County,32.3
Union Parish,42.7
Terrebonne Parish,42.2
York County,76.7
Indian River County,63.7
Yauco Municipio,77.1
Dade County,41.7
Pasquotank County,50
Mariposa County,0
Eagle County,77.5
Orange County,66.6
Yuma County,40.7
Webster Parish,40.4
Glacier County,78.7
Lanier County,12.5
McPherson County,13.8
Liberty County,33.1
Anderson County,51.8
Charlton County,13.9
Newton County,32.1
Nash County,54.4
Floyd County,20.5
Sonoma County,72.3
Thomas County,26.3
Parmer County,37.9
Crosby County,42
Utah County,50.2
Warren County,51.9
Pershing County,34.3
Sitka City and Borough,71.9
Richmond County,36.4
Butts County,15.8
San Juan County,89.3
Fond du Lac County,52.1
Lancaster County,53.2
Ionia County,44.1
Charlottesville city,49.6
Davidson County,61.1
Bedford County,35.9
Kimble County,41.4
Hyde County,61.3
Bedford County,39.5
Oscoda County,40.3
Polk County,37.1
Traverse County,59.8
Monmouth County,63.4
Salem County,50.8
Florence County,51.1
Dickinson County,64
Pondera County,51.4
La Salle Parish,40.9
Rooks County,45.7
Armstrong County,54.9
Obion County,38.3
Gloucester County,56.9
Bucks County,65
Pierce County,59.7
Scotts Bluff County,38.5
Allen County,40.6
Lee County,38.9
Carlisle County,38.9
Hamilton County,67.5
Pleasants County,43.4
Faribault County,54.8
Salem city,0
Polk County,33
St. Charles County,57.8
Livingston County,41.5
Hampshire County,63.2
Allen Parish,33.8
Macon County,56.2
Bullitt County,42.3
Carolina Municipio,74.2
Ceiba Municipio,69
Emmet County,49.2
Washington County,36.7
White County,46.8
Wheeler County,11.9
Coke County,36.6
Charles County,62.2
Macon County,22
Wadena County,47
Republic County,49.4
Dallas County,62.3
Wise County,44.2
Gallia County,43.8
Macon County,37.9
Fairfax city,56.4
Hardin County,35.5
Pope County,46.7
Unknown County,0
Wayne County,39.8
Taylor County,45.3
Avoyelles Parish,42.9
Huron County,44.9
Duchesne County,40.3
Edgecombe County,44.8
Fairfield County,76
Washington County,67.9
Dona Ana County,69.2
Crane County,34.1
Cheyenne County,31.4
Hardeman County,43.2
Harney County,43.7
Autauga County,37.8
Orleans County,52.1
Floyd County,36.9
Dutchess County,65.4
Clarke County,60.3
Graham County,68.5
Carter County,31
Barren County,42.9
Hillsborough County,57.9
Coffey County,50.1
Madison County,49.5
Unknown County,0
Klamath County,48.3
Nevada County,41
Bandera County,43.2
Ogle County,53.7
Lake County,55.1
Owen County,35.5
Unknown County,0
Trego County,38.1
Schenectady County,68.4
Cass County,57.3
Morton County,38.9
Wabash County,39.4
Phillips County,41.8
Sioux County,43.5
Oktibbeha County,48.7
Watonwan County,54.4
Clearfield County,46.1
Shannon County,29
Boone County,58
Carroll County,58.9
Edwards County,45.6
Richland Parish,40.4
Henderson County,47.4
Leavenworth County,56.3
Clay County,53
Norfolk city,51.7
Clarke County,51.8
Hodgeman County,42.8
Evans County,23
Grady County,21.2
Jefferson County,53.6
Seneca County,50.9
Barbour County,41.4
Gratiot County,43.4
Boyd County,33.1
Louisa County,40.8
Surry County,52.1
Orleans Parish,64.8
Wilson County,40.6
Unknown County,0
Sherman County,37.8
Hughes County,42.9
Roane County,42.6
Benton County,53.1
Pawnee County,50.4
Cottle County,32
Marathon County,56.4
Valdez-Cordova Census Area,55
Crisp County,21.3
Ottawa County,38.8
Montgomery County,82.2
Mineral County,79.5
Hand County,46.3
Billings County,20.6
Mountrail County,38
Pender County,47.9
Unknown County,0
Contra Costa County,75.9
Yankton County,60.7
Tehama County,38.6
Sussex County,63.2
Stafford County,51.8
Barry County,45.9
Washoe County,60.4
Rockbridge County,45
Monroe County,14.4
Edmunds County,43.4
Tyler County,33.8
Berrien County,52.6
Sanilac County,40.7
Pierce County,43.5
Tippecanoe County,54.6
Hartford County,70.9
Lorain County,59.4
Lafayette County,43.4
Big Horn County,35.4
Corson County,34.1
Matagorda County,43.9
Overton County,33.8
Alpine County,0
Jefferson County,64.9
Grundy County,33.4
Multnomah County,75
De Soto Parish,40.1
Curry County,46.4
Red Lake County,53.5
Hormigueros Municipio,75.2
Rolette County,59.8
Will County,62.2
Allegany County,41.1
Scott County,41.4
Iroquois County,47.1
Hardin County,56.4
King and Queen County,48
Bexar County,63.8
King County,76.1
Iron County,54.1
Bristol Bay Borough,95
Franklin County,36.9
Orange County,49.2
Lexington city,39.1
Penuelas Municipio,73.9
Chesterfield County,34.2
Taylor County,32.4
Shackelford County,34.7
Drew County,45
DeSoto County,43
Ohio County,71.7
Grant County,51.9
Huntington County,47.8
Coosa County,38
Ingham County,53.9
Le Flore County,36.5
Grenada County,49.3
Unknown County,0
Monroe County,41.2
Poquoson city,0
Unknown County,0
Prairie County,40.4
Searcy County,37
Decatur County,45.6
Wyoming County,71.3
Fountain County,43.8
Wexford County,48.8
Emporia city,0
Marion County,19.4
Manatee County,58.4
Jerome County,37.8
Treasure County,46.3
Dauphin County,55.7
Sequatchie County,32.9
Jackson County,43.1
Lucas County,43.6
Gilpin County,55.8
Baldwin County,47
Coahoma County,47.5
Camden County,63
Oliver County,24.6
Warren County,44.6
Dane County,78.6
Storey County,19.4
Johnson County,46.2
Echols County,17
Van Buren County,40.3
Craig County,50
Jackson County,49.5
Buffalo County,48
Wayne County,36.4
Sterling County,37.3
Sanders County,36.5
Fillmore County,50
Unknown County,0
Perkins County,38.4
Warren County,63.4
Carson County,34.6
Real County,47.5
St. Thomas Island,0
Leake County,44.6
Pulaski County,37.5
Jefferson County,41.7
Wheeler County,38.6
Marion County,45.4
Pierce County,41.4
Union County,48.2
Addison County,66.9
Cocke County,47
Dodge County,13.6
Adams County,53.5
Whitman County,44.2
Crawford County,50.9
Solano County,61.2
Prairie County,36.1
Cumberland County,44.7
Forest County,56.4
Kaufman County,48
Cherokee County,53
Amite County,37.2
Montcalm County,39.9
McKenzie County,20.4
Morris County,39.9
Allegany County,53
Auglaize County,37.3
Scott County,34.5
Webster County,54.4
Daggett County,60.9
Greenwood County,45.6
St. Francois County,41.1
Davis County,60.6
Clay County,40.4
Goshen County,36.8
Henry County,38
Koochiching County,56.1
Sampson County,47.7
Cherokee County,32
Appanoose County,44.6
Caribou County,35.3
Athens County,49.2
Noble County,40.9
Zavala County,48.9
Rhea County,40.8
Meade County,51.5
Preston County,59.1
Parker County,42.7
Duval County,57.1
Lee County,36.1
Cameron Parish,17.1
Marshall County,53.5
Clay County,49.5
Phelps County,37
Pierce County,25.4
Cheshire County,59.3
Simpson County,47.5
Catahoula Parish,38.1
Nicollet County,59.1
Oneida County,58.6
Upton County,38.4
Burke County,37.5
Douglas County,58.1
Fulton County,54.2
Cass County,48.3
Fannin County,22.8
O'Brien County,48.2
Muskingum County,45.7
Eddy County,49.6
Houston County,40.2
Washington County,52.9
Unknown County,0
Comal County,56.4
Boone County,56.5
Lincoln County,39.6
Valley County,31
Bon Homme County,54.4
Windsor County,47.6
Adams County,52.7
Adams County,50.5
Tallahatchie County,38.9
Cabell County,56.9
Falls County,43.1
Door County,74.2
Montour County,73.3
Houston County,37.9
Blount County,49.4
Winneshiek County,59.4
Lawrence County,39.6
Hettinger County,37.6
Trempealeau County,62
Grant County,19.3
Menard County,51.3
Grayson County,42.2
Eureka County,25.4
Livingston County,57.2
Elk County,52.6
Hot Springs County,45.8
Furnas County,41
Graves County,42.6
Hill County,38.5
Colfax County,58.7
Cedar County,39
Emery County,42.6
Marshall County,49.9
Russell County,37
Tippah County,39.4
Scott County,52.4
Gallatin County,50.5
Woods County,39.1
Lincoln County,35.9
Harrison County,46.6
Catron County,44
Panola County,44.2
Chariton County,35.8
Eaton County,53.6
Garfield County,53
Lafayette County,39.3
Greeley County,49.1
Wichita County,47.9
Breathitt County,48.9
Vernon Parish,49.4
Jackson County,49.1
Bolivar County,54.9
Madison County,45.1
Forrest County,39.2
Burke County,43.9
Jefferson County,47.1
McDowell County,49.7
Bossier Parish,45.5
Harmon County,45.9
Latah County,51.8
Sawyer County,56.9
Mason County,44.9
Jefferson County,39.2
Penobscot County,67.5
Nelson County,48.8
Blanco County,50
Pennington County,53.8
Hidalgo County,55.3
Gilliam County,42.9
Houghton County,49.4
Cuyahoga County,60.4
Coffee County,43.4
Blackford County,43.5
Kearney County,44.6
Culpeper County,44.3
Mohave County,38.7
Somervell County,42.8
James City County,52.1
Langlade County,51.2
York County,45.5
Harnett County,36.5
Letcher County,50.5
Unknown County,0
Harrison County,51.7
Amelia County,33.7
Taylor County,33.3
Granite County,35.4
Salt Lake County,63.4
Lincoln County,67.6
Unknown County,0
Jackson County,43.8
Vinton County,37.3
Hayes County,22.9
Whitley County,45.2
Caldwell Parish,36.4
Loudon County,60.9
Prince George County,55.7
Cheyenne County,40.6
Queens County,78.7
Smith County,31
Aleutians West Census Area,58
Park County,55.9
Columbia County,70.6
Kankakee County,47.8
Knox County,47.2
Crawford County,35.6
Ashland County,66.1
Douglas County,41.1
Jefferson County,61.4
Unknown County,0
Bradford County,40.2
Madera County,48.8
Unknown County,0
Yalobusha County,62
Crowley County,20.6
Humphreys County,39.7
Sullivan County,46.1
Webster County,40.5
Hanover County,56.9
Lincoln County,30.6
Middlesex County,75.1
San German Municipio,72
Franklin County,44.8
Presidio County,95
Jackson County,40.8
Delta County,45.1
Taylor County,30.3
Van Zandt County,35.4
Edgefield County,56.1
Bottineau County,46.6
Mercer County,56
Sacramento County,61.9
Clay County,41.4
Butler County,42.2
Wibaux County,26.6
Fulton County,54.9
Glenn County,50.6
Columbia County,45.3
Greer County,34.6
Morrill County,32.9
Harris County,22.6
Karnes County,53.7
Fresno County,55.8
Lee County,48.2
Monroe County,50.1
Johnson County,47.7
Ashe County,50.2
St. Louis County,59.6
Carson City,60.4
Wolfe County,50.4
Hardin County,36.1
DuPage County,71.8
Las Animas County,57.9
Otsego County,58.4
Saguache County,33.7
Gray County,42
Iberia Parish,43.3
Santa Barbara County,65.2
Morgan County,25
Van Wert County,40.7
Jay County,36.4
Lehigh County,64.3
Beltrami County,60.8
Dooly County,19.9
Clinton County,53.7
Juncos Municipio,69
Jasper County,35.4
Defiance County,46.4
Watauga County,52.1
Jones County,66.9
Fisher County,34
Runnels County,42.4
Ciales Municipio,76.3
Lincoln County,46.8
Stark County,34.5
Stutsman County,50.7
San Miguel County,78
Archuleta County,54.9
Tillamook County,61.9
Jim Hogg County,52.4
Howard County,48.8
Dorado Municipio,71.3
Ketchikan Gateway Borough,60.8
Broome County,60.3
Treutlen County,17.9
Iron County,63.5
Giles County,43.5
Hickory County,36.7
Holt County,39.4
Oldham County,33.1
Quitman County,49.4
Comanche County,43.8
Monroe County,73.9
Plumas County,0
Otero County,55.1
Levy County,44.7
Wythe County,37.3
Ferry County,51.6
Iredell County,48.9
Greene County,44.1
Jayuya Municipio,73.4
Lake County,33.1
Cedar County,57.3
Montgomery County,50.7
Woodson County,40.3
Laclede County,34.8
Camuy Municipio,72.6
Calvert County,65.5
Beaufort County,63.8
Adair County,32.2
Stafford County,43.6
Mathews County,58
Marquette County,60.9
Greenwood County,46.9
Plymouth County,64.9
Warren County,36.1
Lincoln County,22
Androscoggin County,65.4
Broadwater County,31.3
Clarke County,47.9
Tom Green County,49.2
Hutchinson County,32.6
Jefferson County,60.1
Daviess County,51.1
Beaver County,43.5
Harford County,65.6
Lewis County,46.3
Hamlin County,42.7
Christian County,31.9
Wakulla County,42.7
Lawrence County,34.7
Seward County,47.4
Wayne County,37.4
Lyon County,56.1
Alcona County,56.1
Bennett County,50.5
St. Bernard Parish,45.4
Medina County,60.3
Chattooga County,17.2
Spencer County,42.4
Doniphan County,45.2
Loving County,0
Braxton County,43.2
Skagway Municipality,70.8
Forsyth County,25.3
Arapahoe County,63.1
Kalkaska County,44.7
Campbell County,59.2
Effingham County,45.6
Oxford County,64.1
Renville County,37
Little River County,37
Nicholas County,62.1
Ulster County,68.3
Stanly County,39.2
Carroll County,41.3
Shoshone County,39.6
Cortland County,56.1
Jackson County,47.4
Unknown County,0
Upshur County,42.8
Tallapoosa County,36.8
Nez Perce County,49.8
Andrew County,34.7
Worcester County,64.9
Monroe County,56.3
Cleveland County,50.5
Clarion County,40.7
Telfair County,19.7
Virginia Beach city,55
Somerset County,70.4
Douglas County,49
Lawrence County,43.6
Burleigh County,47.8
Emmons County,32.9
Hawkins County,42.1
Hancock County,48.1
Valencia County,54.8
Pickaway County,47.7
Klickitat County,45.4
Sumter County,47
Montgomery County,54.6
Sheridan County,33.8
Boone County,35
Stark County,49.9
Montrose County,45.4
Los Angeles County,66.2
Mineral County,57.8
Pemiscot County,29.1
Acadia Parish,49.8
Delaware County,45.8
Fremont County,38.8
Major County,47
Gentry County,41
Newaygo County,42.2
Unknown County,0
St. Croix County,46.8
Unknown County,0
Gurabo Municipio,62.1
Jackson County,52.8
Pitkin County,78.3
Wabaunsee County,44.7
Monroe County,47.6
Jones County,55.8
Big Horn County,81.2
Matanuska-Susitna Borough,35.7
Potter County,32.4
Ontario County,64.9
Siskiyou County,50.4
Carroll County,32.6
Franklin County,47.9
Flathead County,39.8
St. Clair County,47.2
Yates County,50.1
Unknown County,0
Transylvania County,52.2
Waukesha County,65.9
Chippewa County,53.7
Refugio County,51
Boone County,56.7
Surry County,48.9
Unknown County,0
Monroe County,41
Oglethorpe County,28.1
Lee County,58.6
Elkhart County,40.1
Morrison County,45.6
Atkinson County,19.7
Placer County,62.7
Perry County,54
York County,52.9
Marin County,83.2
Morton County,42.8
Kodiak Island Borough,60.7
Covington County,35.9
Douglas County,68.8
Alameda County,75.8
Lewis County,49.1
Woodbury County,52.8
Cook County,66.2
Angelina County,43.7
Knox County,55.2
Ramsey County,66.5
Warren County,56.6
Union County,33.1
Pendleton County,41.5
Sherman County,32.2
Wayne County,56.2
Clark County,57
Meade County,38.3
Bell County,43.4
Armstrong County,38.3
Person County,52.8
Cerro Gordo County,59.9
Labette County,46.7
Gladwin County,45.7
Ouray County,61.4
McLean County,44.1
Lewis and Clark County,56.4
Palm Beach County,62.7
Jerauld County,48.2
Glasscock County,40.6
Piscataquis County,58.8
Avery County,50.6
Jennings County,37.9
Collin County,62.7
Fayette County,32.6
Coleman County,35.1
Sequoyah County,37
Benewah County,45.8
Culberson County,50
Union County,65.2
Fulton County,30.5
Madison County,24.6
Camden County,45.9
McIntosh County,51.8
Sandusky County,49.9
Daniels County,40
Washington County,54.7
St. Joseph County,42.7
Teller County,51.4
Laurens County,26.5
Montgomery County,23.9
Erie County,54.6
Carter County,45.8
White County,41.8
Abbeville County,37.5
Christian County,44.7
Cameron County,70.5
Yell County,45.8
Redwood County,50.9
St. James Parish,48.4
Bastrop County,53.1
Ashley County,47
Taylor County,45.9
Ottawa County,36.5
Effingham County,23.8
Madison County,36.6
Carbon County,45.6
Crenshaw County,32.1
Shelby County,56.4
Monroe County,68.2
Dearborn County,57.8
Boise County,31.1
Cheboygan County,53.3
Manati Municipio,73.7
Dare County,70.8
Park County,43.6
Grafton County,71.2
Maverick County,79.5
Edwards County,36.8
Dallas County,41.7
Faulk County,51.6
Flagler County,60.1
Portage County,53.9
Camas County,39.8
Converse County,31.3
Chautauqua County,55.4
Darlington County,45.4
Haskell County,36.1
Washington County,54.1
Carroll County,47.1
Wheatland County,34
Porter County,53.7
Burt County,54.8
Orange County,53
Calloway County,42.8
LaMoure County,46.1
Honolulu County,0
Mora County,61.4
Garfield County,28.1
Aitkin County,56.7
Estill County,48.2
Duval County,57.4
Monroe County,43.5
Perry County,34.9
Montgomery County,53.2
Shiawassee County,48.5
Madison County,42.8
Luzerne County,58
White Pine County,49.5
Cumberland County,59.4
Harrison County,40.8
Madison County,40.5
Callahan County,34.9
Brown County,47.8
Vernon County,33.2
Chickasaw County,45.4
Menominee County,67.3
Sierra County,62.5
Hemphill County,39.4
Chesapeake city,42.7
Robertson County,41.5
Madison County,58
Stephens County,34.7
Garfield County,37.6
Marengo County,51.1
Stephens County,16.2
Owen County,40.4
Schuyler County,26.8
Hart County,33.5
Tate County,41.8
Aurora County,50.1
New York County,79.6
Edwards County,38.8
Clinton County,39.6
Adams County,40
Hampton County,60.2
Kalawao County,0
Lapeer County,44.7
Pontotoc County,39.3
Perry County,42.7
Douglas County,45.3
Somerset County,44.2
Mendocino County,63.2
Petroleum County,29.4
Morgan County,49.2
Pinal County,49.3
Webster County,43.6
Bland County,37.1
Unknown County,0
Crawford County,48.9
Decatur County,38.4
Delaware County,51.5
Madison County,46.1
Unknown County,0
Pushmataha County,33.6
Kit Carson County,36.3
Marshall County,42.2
Eastland County,34.7
Blaine County,44.1
Kittson County,55.6
Naguabo Municipio,59.1
Stonewall County,38.5
Macon County,44.2
Long County,8.5
Carroll County,24.6
Champaign County,43
Powhatan County,38.6
Saline County,45.1
Tulare County,48.1
Tyler County,45.4
Judith Basin County,37.6
Butler County,44.6
Rio Blanco County,36.6
Nicholas County,50.2
Hancock County,47.2
Cole County,50.1
Garfield County,18.4
Greene County,47.3
Wicomico County,51.7
Houston County,56.9
Winston County,20.7
Fairfield County,53.6
Richmond County,44.8
Shelby County,44.1
Denton County,58
Lane County,64.8
Calhoun County,56.5
Fremont County,40.8
Apache County,86.4
Dodge County,49.8
Holmes County,27.6
Morgan County,51.8
Clay County,50.4
Jasper County,46.6
Williams County,42.2
Waller County,38.8
Mackinac County,71.9
Irion County,41.5
Cass County,55.5
Snyder County,38.5
Chesterfield County,53.3
Union County,45.2
Kootenai County,40.6
